{"type":"FeatureCollection","features":[{"type":"Feature","properties":{"name":"北海道"},"geometry":{"type":"MultiPolygon","coordinates":[[[[139.335,41.515],[139.382,41.507],[139.336,41.522],[139.335,41.515]]],[[[139.405,42.165],[139.45,42.052],[139.505,42.098],[139.559,42.253],[139.435,42.216],[139.411,42.17],[139.405,42.165]]],[[[139.767,42.312],[139.796,42.23],[139.877,42.211],[139.921,42.133],[140.024,42.115],[140.124,41.994],[140.123,41.825],[140.069,41.803],[140.008,41.691],[139.985,41.563],[140.04,41.447],[140.194,41.398],[140.258,41.481],[140.409,41.517],[140.442,41.681],[140.602,41.743],[140.639,41.816],[140.716,41.807],[140.704,41.74],[140.79,41.773],[140.968,41.71],[141.187,41.802],[141.144,41.857],[140.961,41.915],[140.759,42.117],[140.549,42.114],[140.284,42.256],[140.329,42.442],[140.475,42.589],[140.709,42.583],[140.78,42.499],[140.87,42.462],[140.917,42.369],[141.008,42.348],[140.932,42.338],[140.995,42.301],[141.137,42.428],[141.34,42.537],[141.695,42.657],[141.63,42.628],[141.821,42.612],[142.027,42.485],[142.194,42.448],[142.485,42.27],[142.814,42.142],[142.966,42.118],[143.25,41.925],[143.256,41.998],[143.312,42.055],[143.336,42.202],[143.31,42.261],[143.394,42.423],[143.601,42.644],[143.929,42.88],[144.274,43.004],[144.45,42.944],[144.781,42.934],[144.722,42.985],[144.802,43.059],[144.854,43.049],[144.833,43.014],[144.876,42.986],[144.972,42.981],[145.097,43.076],[145.171,43.076],[145.11,43.099],[145.147,43.145],[145.45,43.189],[145.51,43.162],[145.568,43.283],[145.756,43.336],[145.816,43.385],[145.652,43.392],[145.493,43.267],[145.396,43.291],[145.29,43.382],[145.194,43.621],[145.335,43.59],[145.289,43.55],[145.337,43.553],[145.343,43.584],[145.14,43.649],[145.069,43.747],[145.096,43.895],[145.365,44.259],[145.344,44.339],[145.191,44.195],[144.796,43.932],[144.604,43.918],[144.355,43.958],[144.255,44.038],[144.244,44.113],[143.963,44.14],[143.559,44.253],[142.994,44.558],[142.658,44.842],[142.504,45.06],[141.937,45.523],[141.796,45.407],[141.707,45.397],[141.644,45.447],[141.657,45.359],[141.571,45.23],[141.737,44.886],[141.791,44.619],[141.747,44.433],[141.647,44.312],[141.646,43.947],[141.562,43.86],[141.387,43.806],[141.33,43.724],[141.386,43.591],[141.36,43.517],[141.429,43.415],[141.424,43.329],[141.294,43.186],[141.162,43.144],[141.014,43.19],[141.009,43.24],[140.792,43.195],[140.496,43.373],[140.43,43.33],[140.346,43.334],[140.325,43.221],[140.529,43.006],[140.39,42.923],[140.305,42.825],[140.304,42.777],[140.246,42.768],[140.185,42.825],[140.144,42.755],[140.04,42.691],[139.869,42.666],[139.822,42.609],[139.846,42.433],[139.773,42.321],[139.767,42.312]]],[[[139.794,41.359],[139.799,41.358],[139.798,41.353],[139.803,41.355],[139.808,41.354],[139.813,41.357],[139.816,41.36],[139.814,41.363],[139.81,41.363],[139.804,41.366],[139.794,41.359]]],[[[140.63002,43.29487],[140.63003,43.29486],[140.63003,43.29487],[140.63002,43.29487]]],[[[140.66193,43.25948],[140.66195,43.25948],[140.66193,43.25949],[140.66193,43.25948]]],[[[140.66246,43.25973],[140.66249,43.25974],[140.66247,43.25974],[140.66246,43.25973]]],[[[140.66419,43.25913],[140.66421,43.25914],[140.66419,43.25914],[140.66419,43.25913]]],[[[140.66447,43.25909],[140.66447,43.2591],[140.66446,43.2591],[140.66445,43.25909],[140.66447,43.25909]]],[[[140.66446,43.2591],[140.66447,43.25911],[140.66445,43.2591],[140.66446,43.2591]]],[[[140.66447,43.25909],[140.66448,43.25908],[140.66448,43.25907],[140.66449,43.25909],[140.66447,43.25909]]],[[[140.96303,45.47555],[140.96942,45.47528],[140.97113,45.47773],[140.96443,45.48012],[140.96303,45.47555]]],[[[140.966,45.457],[141.015,45.284],[141.044,45.274],[141.067,45.423],[141.033,45.461],[141.013,45.433],[140.967,45.464],[140.966,45.457]]],[[[141.127,45.186],[141.238,45.097],[141.329,45.149],[141.304,45.215],[141.199,45.26],[141.132,45.188],[141.127,45.186]]],[[[141.292,44.419],[141.336,44.432],[141.296,44.423],[141.292,44.419]]],[[[141.381,44.434],[141.429,44.433],[141.386,44.438],[141.381,44.434]]],[[[144.864,42.947],[144.873,42.949],[144.88,42.958],[144.874,42.961],[144.873,42.965],[144.869,42.957],[144.865,42.952],[144.864,42.947]]],[[[145.096,43.045],[145.1,43.048],[145.104,43.047],[145.114,43.05],[145.117,43.052],[145.11,43.053],[145.098,43.052],[145.096,43.045]]],[[[145.399,43.829],[145.438,43.717],[145.551,43.731],[145.543,43.652],[145.585,43.862],[145.781,43.932],[145.817,44.021],[145.875,44.024],[145.867,44.064],[145.922,44.136],[146.046,44.184],[146.117,44.265],[146.296,44.276],[146.426,44.374],[146.493,44.355],[146.574,44.455],[146.338,44.417],[146.171,44.517],[146.132,44.509],[145.979,44.309],[145.744,44.105],[145.742,44.052],[145.399,43.833],[145.399,43.829]]],[[[145.587,43.214],[145.59,43.212],[145.587,43.208],[145.596,43.205],[145.6,43.206],[145.609,43.211],[145.609,43.214],[145.604,43.214],[145.604,43.218],[145.6,43.217],[145.598,43.222],[145.595,43.221],[145.587,43.214]]],[[[145.60109,43.22787],[145.60589,43.22451],[145.61359,43.226],[145.60736,43.23061],[145.60109,43.22787]]],[[[145.863,43.454],[145.899,43.417],[145.956,43.425],[145.943,43.457],[145.864,43.457],[145.863,43.454]]],[[[145.986,43.369],[146.02,43.377],[145.992,43.375],[145.986,43.369]]],[[[146.024,43.411],[146.107,43.431],[146.03,43.419],[146.024,43.411]]],[[[146.061,43.525],[146.116,43.459],[146.193,43.488],[146.204,43.532],[146.084,43.534],[146.061,43.525]]],[[[146.14917,43.40859],[146.14991,43.40625],[146.15485,43.40927],[146.15449,43.4116],[146.14917,43.40859]]],[[[146.155,43.416],[146.163,43.412],[146.163,43.418],[146.167,43.418],[146.167,43.423],[146.164,43.423],[146.161,43.418],[146.155,43.416]]],[[[146.269,43.628],[146.357,43.618],[146.312,43.651],[146.28,43.628],[146.269,43.628]]],[[[146.585,43.803],[146.608,43.768],[146.586,43.744],[146.625,43.754],[146.653,43.703],[146.92,43.837],[146.825,43.89],[146.72,43.844],[146.748,43.817],[146.586,43.807],[146.585,43.803]]],[[[146.685,43.727],[146.693,43.728],[146.694,43.723],[146.698,43.721],[146.701,43.726],[146.705,43.728],[146.704,43.73],[146.697,43.728],[146.691,43.733],[146.685,43.731],[146.685,43.727]]],[[[146.71068,43.73285],[146.71544,43.73387],[146.71325,43.73605],[146.71068,43.73285]]],[[[146.788,43.747],[146.79,43.745],[146.8,43.748],[146.806,43.754],[146.805,43.758],[146.802,43.76],[146.794,43.76],[146.792,43.753],[146.795,43.752],[146.788,43.747]]],[[[146.85046,43.79313],[146.85058,43.78844],[146.85399,43.79171],[146.85046,43.79313]]],[[[146.858,44.453],[146.961,44.429],[147.075,44.556],[147.252,44.6],[147.336,44.715],[147.597,44.854],[147.652,44.92],[147.617,44.961],[147.662,44.998],[147.726,45.003],[147.786,44.948],[147.904,44.961],[148.1,45.113],[148.311,45.218],[148.494,45.256],[148.638,45.335],[148.843,45.337],[148.876,45.396],[148.827,45.449],[148.886,45.482],[148.887,45.521],[148.784,45.557],[148.656,45.539],[148.487,45.421],[148.42,45.329],[148.166,45.259],[148.017,45.28],[147.965,45.42],[147.904,45.43],[147.849,45.367],[147.869,45.224],[147.735,45.194],[147.697,45.104],[147.651,45.079],[147.505,45.118],[147.535,45.072],[147.507,44.989],[147.273,44.873],[147.242,44.808],[147.107,44.822],[147.126,44.771],[147.195,44.761],[147.186,44.697],[147.093,44.638],[147.009,44.661],[147.034,44.619],[146.994,44.576],[146.946,44.628],[146.952,44.549],[146.863,44.461],[146.858,44.453]]],[[[146.97478,44.65231],[146.97688,44.64931],[146.97848,44.65415],[146.97478,44.65231]]]]}},{"type":"Feature","properties":{"name":"青森県"},"geometry":{"type":"MultiPolygon","coordinates":[[[[139.936,40.428],[140.02,40.42],[140.068,40.469],[140.108,40.436],[140.335,40.439],[140.387,40.487],[140.541,40.403],[140.59,40.436],[140.654,40.404],[140.803,40.449],[140.82,40.495],[140.88,40.51],[140.878,40.498],[140.861,40.441],[140.985,40.427],[140.995,40.353],[140.963,40.347],[140.946,40.258],[141.006,40.218],[141.317,40.373],[141.351,40.331],[141.442,40.376],[141.572,40.366],[141.587,40.407],[141.683,40.452],[141.576,40.543],[141.535,40.527],[141.484,40.561],[141.376,40.937],[141.391,41.179],[141.464,41.429],[141.275,41.354],[141.113,41.463],[140.914,41.547],[140.897,41.526],[140.909,41.495],[140.801,41.328],[140.764,41.148],[140.811,41.128],[140.982,41.199],[141.058,41.183],[141.16,41.278],[141.198,41.272],[141.279,41.158],[141.211,40.952],[141.131,40.872],[140.879,41.01],[140.839,40.954],[140.87,40.946],[140.86,40.889],[140.735,40.83],[140.677,40.889],[140.632,41.192],[140.549,41.229],[140.462,41.183],[140.342,41.261],[140.322,41.148],[140.249,41.125],[140.306,41.107],[140.324,41.056],[140.258,40.811],[140.123,40.743],[140.056,40.769],[140.001,40.745],[139.928,40.642],[139.86,40.614],[139.94,40.553],[139.94,40.43],[139.936,40.428]]],[[[140.85365,40.93129],[140.85794,40.93327],[140.85528,40.93514],[140.85365,40.93129]]],[[[140.87139,41.01256],[140.87662,41.01118],[140.872,41.01729],[140.87139,41.01256]]],[[[140.91065,41.5521],[140.91417,41.55455],[140.91181,41.55581],[140.91065,41.5521]]],[[[141.521,40.54],[141.527,40.534],[141.532,40.537],[141.529,40.54],[141.531,40.544],[141.528,40.546],[141.524,40.545],[141.528,40.541],[141.525,40.538],[141.521,40.54]]]]}},{"type":"Feature","properties":{"name":"岩手県"},"geometry":{"type":"MultiPolygon","coordinates":[[[[140.774,38.958],[140.824,38.964],[140.99,38.874],[141.139,38.877],[141.104,38.823],[141.216,38.748],[141.317,38.823],[141.41,38.768],[141.459,38.815],[141.492,38.999],[141.632,38.971],[141.628,39.003],[141.667,39.005],[141.704,38.938],[141.713,38.998],[141.744,38.996],[141.71,39.023],[141.73,39.071],[141.729,39.025],[141.847,39.026],[141.814,39.059],[141.875,39.063],[141.825,39.075],[141.815,39.115],[141.881,39.084],[141.918,39.105],[141.836,39.147],[141.922,39.178],[141.867,39.206],[141.969,39.247],[141.889,39.249],[141.889,39.274],[141.928,39.267],[141.891,39.308],[141.969,39.313],[141.997,39.351],[141.898,39.338],[141.958,39.356],[141.938,39.384],[141.974,39.426],[142.044,39.426],[142.049,39.482],[141.98,39.439],[141.956,39.475],[142.009,39.476],[142.072,39.548],[142.027,39.579],[142.023,39.656],[141.948,39.588],[142.004,39.776],[141.94,39.92],[141.956,39.984],[141.833,40.075],[141.829,40.113],[141.876,40.144],[141.794,40.191],[141.833,40.22],[141.82,40.262],[141.683,40.45],[141.539,40.348],[141.442,40.376],[141.351,40.331],[141.317,40.373],[141.026,40.222],[140.944,40.246],[140.859,40.172],[140.881,40.114],[140.844,40.075],[140.845,39.975],[140.878,39.874],[140.782,39.868],[140.787,39.823],[140.848,39.793],[140.775,39.735],[140.822,39.65],[140.73,39.566],[140.724,39.481],[140.653,39.391],[140.709,39.33],[140.694,39.3],[140.789,39.238],[140.765,39.198],[140.808,39.178],[140.749,39.138],[140.753,39.086],[140.81,39.057],[140.764,39],[140.775,38.96],[140.774,38.958]]],[[[141.78633,40.31056],[141.78638,40.31055],[141.78637,40.31056],[141.78633,40.31056]]],[[[141.79292,40.30022],[141.79301,40.30008],[141.79293,40.30021],[141.79292,40.30022]]],[[[141.79666,40.29639],[141.79667,40.29648],[141.79666,40.29648],[141.79666,40.29639]]],[[[141.81405,40.27357],[141.81408,40.27358],[141.81406,40.27358],[141.81405,40.27357]]],[[[141.97638,39.30642],[141.97875,39.30467],[141.98753,39.30517],[141.98161,39.30893],[141.97638,39.30642]]],[[[141.99386,39.40072],[141.99786,39.39927],[142.00074,39.40595],[141.99861,39.40674],[141.99619,39.40276],[141.99386,39.40072]]]]}},{"type":"Feature","properties":{"name":"宮城県"},"geometry":{"type":"MultiPolygon","coordinates":[[[[140.28,37.977],[140.349,37.95],[140.408,37.974],[140.475,37.947],[140.488,37.9],[140.566,37.923],[140.663,37.9],[140.667,37.895],[140.679,37.892],[140.69,37.888],[140.694,37.803],[140.796,37.774],[140.765,37.798],[140.858,37.803],[140.856,37.891],[140.931,37.896],[140.93,38.1],[141.033,38.267],[141.027,38.268],[140.999,38.27],[140.999,38.273],[141.085,38.293],[141.025,38.32],[141.074,38.378],[141.159,38.354],[141.267,38.419],[141.364,38.412],[141.373,38.383],[141.408,38.404],[141.459,38.373],[141.416,38.347],[141.462,38.351],[141.45,38.316],[141.525,38.273],[141.533,38.342],[141.481,38.376],[141.538,38.401],[141.472,38.394],[141.448,38.441],[141.51,38.446],[141.469,38.521],[141.537,38.49],[141.535,38.547],[141.493,38.533],[141.459,38.578],[141.53,38.637],[141.443,38.644],[141.444,38.674],[141.529,38.718],[141.562,38.692],[141.564,38.74],[141.513,38.767],[141.602,38.827],[141.582,38.91],[141.674,38.857],[141.639,38.962],[141.492,38.999],[141.438,38.782],[141.41,38.768],[141.309,38.822],[141.233,38.748],[141.104,38.823],[141.139,38.877],[140.985,38.875],[140.824,38.964],[140.745,38.956],[140.64,38.884],[140.547,38.889],[140.604,38.784],[140.646,38.77],[140.601,38.64],[140.538,38.634],[140.579,38.568],[140.567,38.501],[140.62,38.455],[140.471,38.269],[140.48,38.182],[140.418,38.08],[140.282,38.06],[140.275,37.982],[140.28,37.977]]],[[[141.06784,38.32637],[141.06789,38.32424],[141.07511,38.32796],[141.06784,38.32637]]],[[[141.085,38.334],[141.088,38.331],[141.094,38.333],[141.098,38.332],[141.105,38.327],[141.105,38.332],[141.091,38.338],[141.085,38.334]]],[[[141.10478,38.34011],[141.10946,38.33111],[141.10891,38.33451],[141.11574,38.33631],[141.11775,38.34043],[141.11354,38.33822],[141.10478,38.34011]]],[[[141.116,38.335],[141.118,38.331],[141.12,38.331],[141.124,38.326],[141.128,38.327],[141.126,38.331],[141.129,38.333],[141.127,38.336],[141.13,38.337],[141.132,38.342],[141.127,38.34],[141.127,38.342],[141.131,38.345],[141.13,38.348],[141.129,38.345],[141.122,38.34],[141.124,38.335],[141.121,38.335],[141.12,38.339],[141.116,38.335]]],[[[141.1167,38.35447],[141.11711,38.35463],[141.11712,38.35464],[141.11749,38.35522],[141.1167,38.35447]]],[[[141.12107,38.35417],[141.12458,38.34865],[141.12671,38.35169],[141.12111,38.35425],[141.12107,38.35417]]],[[[141.131,38.339],[141.177,38.321],[141.134,38.342],[141.131,38.339]]],[[[141.406,38.29],[141.409,38.285],[141.418,38.289],[141.423,38.289],[141.424,38.292],[141.429,38.292],[141.424,38.295],[141.425,38.297],[141.419,38.306],[141.422,38.307],[141.419,38.312],[141.416,38.312],[141.41,38.306],[141.41,38.301],[141.413,38.299],[141.406,38.29]]],[[[141.41817,38.3767],[141.42362,38.37614],[141.42711,38.37994],[141.42066,38.38081],[141.41817,38.3767]]],[[[141.457,38.268],[141.501,38.246],[141.463,38.277],[141.457,38.268]]],[[[141.51366,38.55206],[141.51447,38.55305],[141.5148,38.55376],[141.51366,38.55206]]],[[[141.515,38.462],[141.53,38.439],[141.518,38.466],[141.515,38.462]]],[[[141.548,38.302],[141.585,38.276],[141.553,38.307],[141.548,38.302]]],[[[141.58953,38.39801],[141.59334,38.39571],[141.59876,38.39725],[141.5963,38.40176],[141.59223,38.40265],[141.58953,38.39801]]],[[[141.59897,38.40203],[141.59909,38.40203],[141.59898,38.40204],[141.59897,38.40203]]],[[[141.60168,38.38872],[141.60287,38.38531],[141.60633,38.392],[141.60168,38.38872]]],[[[141.602,38.874],[141.637,38.84],[141.605,38.877],[141.602,38.874]]],[[[141.67057,38.87466],[141.6706,38.87466],[141.6706,38.87468],[141.67057,38.87466]]]]}},{"type":"Feature","properties":{"name":"秋田県"},"geometry":{"type":"MultiPolygon","coordinates":[[[[139.87,39.118],[139.994,39.106],[139.998,39.116],[140.008,39.123],[140.062,39.133],[140.062,39.093],[140.151,39.049],[140.432,38.992],[140.464,38.918],[140.562,38.873],[140.774,38.958],[140.764,39],[140.81,39.057],[140.753,39.086],[140.749,39.138],[140.808,39.178],[140.765,39.198],[140.789,39.238],[140.694,39.3],[140.709,39.33],[140.653,39.391],[140.724,39.481],[140.73,39.566],[140.822,39.65],[140.775,39.735],[140.848,39.793],[140.787,39.823],[140.782,39.868],[140.878,39.874],[140.845,39.975],[140.844,40.075],[140.881,40.114],[140.859,40.172],[140.941,40.227],[140.963,40.347],[140.995,40.353],[140.985,40.427],[140.861,40.441],[140.878,40.498],[140.88,40.51],[140.82,40.495],[140.803,40.449],[140.654,40.404],[140.59,40.436],[140.541,40.403],[140.387,40.487],[140.335,40.439],[140.108,40.436],[140.068,40.469],[140.02,40.42],[139.936,40.428],[140.026,40.339],[140.02,40.217],[139.956,40.092],[139.831,39.965],[139.695,39.989],[139.756,39.857],[139.925,39.9],[140.049,39.774],[140.031,39.441],[139.975,39.305],[139.915,39.274],[139.872,39.121],[139.87,39.118]]],[[[139.69684,40.01441],[139.69801,40.01344],[139.69839,40.01623],[139.69684,40.01441]]]]}},{"type":"Feature","properties":{"name":"山形県"},"geometry":{"type":"MultiPolygon","coordinates":[[[[139.539,39.193],[139.542,39.182],[139.548,39.182],[139.547,39.187],[139.55,39.191],[139.558,39.196],[139.563,39.196],[139.565,39.199],[139.55,39.209],[139.55,39.203],[139.547,39.199],[139.539,39.193]]],[[[139.548,38.553],[139.722,38.496],[139.71,38.387],[139.849,38.343],[139.9,38.287],[139.786,38.192],[139.699,38.203],[139.638,37.88],[139.81,37.803],[139.937,37.828],[139.993,37.759],[140.048,37.779],[140.115,37.734],[140.237,37.746],[140.299,37.808],[140.262,37.834],[140.277,38.056],[140.418,38.08],[140.48,38.182],[140.471,38.269],[140.62,38.455],[140.567,38.501],[140.579,38.568],[140.538,38.634],[140.601,38.64],[140.646,38.77],[140.604,38.784],[140.547,38.891],[140.464,38.918],[140.446,38.98],[140.362,39.026],[140.151,39.049],[140.062,39.093],[140.062,39.133],[140.008,39.123],[139.998,39.116],[139.994,39.106],[139.87,39.118],[139.753,38.785],[139.61,38.669],[139.543,38.558],[139.548,38.553]]]]}},{"type":"Feature","properties":{"name":"福島県"},"geometry":{"type":"MultiPolygon","coordinates":[[[[139.232,36.941],[139.393,36.911],[139.673,37.058],[139.822,37.085],[139.832,37.134],[139.954,37.155],[140.137,37.106],[140.203,37.024],[140.249,37.026],[140.243,36.943],[140.464,36.792],[140.592,36.873],[140.565,36.915],[140.586,36.945],[140.615,36.905],[140.79,36.856],[140.816,36.908],[140.925,36.936],[140.983,36.996],[141.042,37.484],[140.986,37.824],[140.901,37.904],[140.856,37.891],[140.852,37.795],[140.727,37.781],[140.685,37.815],[140.69,37.888],[140.566,37.923],[140.488,37.9],[140.475,37.947],[140.408,37.974],[140.349,37.95],[140.28,37.977],[140.262,37.834],[140.299,37.808],[140.237,37.746],[140.115,37.734],[140.053,37.779],[139.987,37.76],[139.937,37.828],[139.81,37.803],[139.727,37.834],[139.627,37.688],[139.549,37.649],[139.585,37.513],[139.429,37.514],[139.398,37.46],[139.223,37.449],[139.197,37.411],[139.234,37.344],[139.165,37.239],[139.254,37.165],[139.236,36.942],[139.232,36.941]]],[[[139.68083,37.84695],[139.68185,37.84674],[139.68751,37.84648],[139.68962307053943,37.84728497925311],[139.6873,37.84683],[139.68083,37.84695]]],[[[139.68962307053943,37.84728497925311],[139.694179930413,37.84817745180899],[139.69255,37.8484],[139.68962307053943,37.84728497925311]]],[[[139.694,37.848],[139.698,37.848],[139.711,37.854],[139.715,37.853],[139.716,37.847],[139.716,37.854],[139.706,37.856],[139.696,37.849],[139.694,37.848]]],[[[139.71598762135923,37.84726550970875],[139.716,37.84702],[139.7160648854962,37.84693889312977],[139.71598762135923,37.84726550970875]]],[[[139.7160648854962,37.84693889312977],[139.71619,37.84641],[139.72056,37.83957],[139.72388424677183,37.837164691535186],[139.7160648854962,37.84693889312977]]],[[[139.72388424677183,37.837164691535186],[139.72408,37.83692],[139.72744839951153,37.834246250971376],[139.72718,37.83478],[139.72388424677183,37.837164691535186]]],[[[140.893,36.929],[140.898,36.926],[140.903,36.932],[140.9,36.937],[140.909,36.939],[140.904,36.939],[140.898,36.936],[140.893,36.929]]]]}},{"type":"Feature","properties":{"name":"茨城県"},"geometry":{"type":"MultiPolygon","coordinates":[[[[139.688,36.2],[139.732,36.087],[139.787,36.104],[139.939,35.941],[140.151,35.843],[140.317,35.864],[140.458,35.927],[140.503,35.906],[140.511,35.959],[140.846,35.74],[140.707,35.925],[140.687,35.881],[140.652,35.927],[140.694,35.929],[140.696,35.966],[140.598,36.109],[140.558,36.273],[140.627,36.377],[140.613,36.487],[140.798,36.852],[140.615,36.905],[140.586,36.945],[140.565,36.915],[140.592,36.873],[140.464,36.792],[140.258,36.933],[140.255,36.76],[140.292,36.713],[140.22,36.687],[140.26,36.518],[140.196,36.409],[139.974,36.378],[139.911,36.301],[139.846,36.308],[139.822,36.24],[139.689,36.202],[139.688,36.2]]],[[[140.63571,36.40509],[140.63813,36.4],[140.63599,36.40492],[140.63637,36.44555],[140.63612,36.44555],[140.63571,36.40509]]],[[[140.70675455658238,35.92451796063446],[140.70941696284999,35.926327430004406],[140.70654,35.92512],[140.70675455658238,35.92451796063446]]],[[[140.70941696284999,35.926327430004406],[140.7104,35.92674],[140.71155,35.94064],[140.71131,35.94054],[140.71023,35.92688],[140.70941696284999,35.926327430004406]]]]}},{"type":"Feature","properties":{"name":"栃木県"},"geometry":{"type":"MultiPolygon","coordinates":[[[[139.664,36.207],[139.822,36.24],[139.846,36.308],[139.911,36.301],[139.974,36.378],[140.185,36.398],[140.26,36.518],[140.22,36.687],[140.292,36.713],[140.255,36.76],[140.249,37.026],[140.203,37.024],[140.137,37.106],[139.866,37.147],[139.815,37.117],[139.822,37.085],[139.46,36.97],[139.357,36.878],[139.349,36.853],[139.407,36.827],[139.353,36.774],[139.372,36.747],[139.33,36.628],[139.483,36.583],[139.439,36.551],[139.436,36.466],[139.366,36.371],[139.464,36.272],[139.634,36.27],[139.664,36.209],[139.664,36.207]]]]}},{"type":"Feature","properties":{"name":"群馬県"},"geometry":{"type":"MultiPolygon","coordinates":[[[[138.713,35.985],[138.754,36.035],[138.828,36.037],[138.96,36.124],[139.042,36.128],[139.13,36.283],[139.244,36.245],[139.358,36.253],[139.462,36.19],[139.669,36.213],[139.634,36.27],[139.464,36.272],[139.361,36.384],[139.483,36.583],[139.33,36.628],[139.372,36.747],[139.353,36.774],[139.407,36.827],[139.349,36.853],[139.393,36.911],[139.241,36.929],[139.097,37.059],[139.048,36.988],[138.967,36.979],[138.979,36.891],[138.923,36.883],[138.929,36.833],[138.822,36.818],[138.827,36.772],[138.789,36.745],[138.727,36.764],[138.514,36.69],[138.529,36.655],[138.429,36.598],[138.401,36.435],[138.489,36.401],[138.648,36.407],[138.653,36.303],[138.6,36.278],[138.636,36.171],[138.577,36.168],[138.645,36.12],[138.631,36.028],[138.701,35.988],[138.713,35.985]]]]}},{"type":"Feature","properties":{"name":"埼玉県"},"geometry":{"type":"MultiPolygon","coordinates":[[[[138.729,35.909],[138.892,35.84],[139.024,35.897],[139.301,35.835],[139.392,35.763],[139.542,35.807],[139.516,35.766],[139.547,35.753],[139.653,35.8],[139.738,35.78],[139.768,35.818],[139.894,35.783],[139.9,35.864],[139.776,36.091],[139.728,36.09],[139.686,36.204],[139.462,36.19],[139.358,36.253],[139.244,36.245],[139.13,36.283],[139.042,36.128],[138.754,36.035],[138.713,35.985],[138.731,35.915],[138.729,35.909]]]]}},{"type":"Feature","properties":{"name":"千葉県"},"geometry":{"type":"MultiPolygon","coordinates":[[[[140.852,35.745],[140.742,35.785],[140.511,35.959],[140.503,35.906],[140.458,35.927],[140.317,35.864],[140.151,35.843],[139.939,35.941],[139.778,36.099],[139.9,35.864],[139.879,35.768],[139.919,35.698],[139.873,35.626],[139.985,35.691],[139.987,35.654],[140.127,35.569],[140.061,35.544],[140.023,35.468],[139.903,35.431],[139.897,35.358],[139.846,35.375],[139.858,35.349],[139.784,35.313],[139.852,35.287],[139.869,35.243],[139.816,35.172],[139.842,35.083],[139.81,35.037],[139.858,35.001],[139.753,34.965],[139.837,34.904],[139.917,34.907],[139.982,35.013],[140.115,35.112],[140.325,35.139],[140.394,35.202],[140.395,35.413],[140.478,35.558],[140.664,35.691],[140.865,35.695],[140.858,35.744],[140.852,35.745]]],[[[139.959,35.672],[139.972,35.671],[139.979,35.67],[139.979,35.673],[139.972,35.674],[139.971,35.677],[139.978,35.676],[139.978,35.679],[139.971,35.681],[139.967,35.679],[139.963,35.681],[139.959,35.673],[139.959,35.672]]],[[[140.082,35.588],[140.086,35.569],[140.112,35.57],[140.083,35.588],[140.082,35.588]]]]}},{"type":"Feature","properties":{"name":"東京都"},"geometry":{"type":"MultiPolygon","coordinates":[[[[138.944,35.855],[139.029,35.717],[139.211,35.649],[139.252,35.602],[139.399,35.584],[139.468,35.502],[139.47,35.57],[139.507,35.576],[139.464,35.625],[139.5,35.606],[139.531,35.642],[139.664,35.59],[139.703,35.537],[139.795,35.532],[139.809,35.539],[139.801,35.548],[139.785,35.571],[139.75,35.567],[139.761,35.652],[139.799,35.622],[139.871,35.639],[139.919,35.698],[139.894,35.783],[139.821,35.815],[139.768,35.818],[139.738,35.78],[139.641,35.798],[139.547,35.753],[139.516,35.766],[139.542,35.807],[139.392,35.763],[139.301,35.835],[139.024,35.897],[138.943,35.86],[138.944,35.855]]],[[[139.12,34.192],[139.175,34.204],[139.17,34.231],[139.138,34.242],[139.122,34.198],[139.12,34.192]]],[[[139.194,34.32],[139.227,34.326],[139.2,34.325],[139.194,34.32]]],[[[139.22443,34.37561],[139.22766,34.37146],[139.22591,34.36783],[139.22876,34.36736],[139.22946,34.37194],[139.22443,34.37561]]],[[[139.242,34.364],[139.272,34.331],[139.283,34.43],[139.252,34.376],[139.242,34.364]]],[[[139.267,34.521],[139.293,34.525],[139.27,34.528],[139.267,34.521]]],[[[139.27601,34.3274],[139.27744,34.32414],[139.28049,34.32481],[139.27601,34.3274]]],[[[139.28651,34.47835],[139.29167,34.47013],[139.29847,34.46989],[139.29743,34.473],[139.28651,34.47835]]],[[[139.349,34.766],[139.358,34.701],[139.445,34.685],[139.433,34.772],[139.361,34.799],[139.352,34.77],[139.349,34.766]]],[[[139.473,34.077],[139.529,34.047],[139.566,34.097],[139.498,34.122],[139.482,34.083],[139.473,34.077]]],[[[139.577,33.878],[139.632,33.869],[139.603,33.901],[139.591,33.898],[139.578,33.883],[139.577,33.878]]],[[[139.675,33.131],[139.7,33.116],[139.677,33.136],[139.675,33.131]]],[[[139.738,33.138],[139.796,33.063],[139.832,33.046],[139.859,33.079],[139.772,33.159],[139.74,33.145],[139.738,33.138]]],[[[139.748,35.592],[139.787,35.58],[139.749,35.601],[139.748,35.592]]],[[[139.75321,35.619],[139.75975,35.61935],[139.75941,35.628],[139.75923,35.63365],[139.75524,35.63363],[139.75351,35.62405],[139.75321,35.619]]],[[[139.754,32.467],[139.779,32.447],[139.755,32.472],[139.754,32.467]]],[[[139.75761,35.57446],[139.75848,35.56844],[139.76561,35.5649],[139.77353,35.57492],[139.76423,35.575],[139.75761,35.57446]]],[[[139.768,35.622],[139.793,35.61],[139.769,35.626],[139.768,35.622]]],[[[139.78529,35.62513],[139.79438,35.61394],[139.79766,35.61738],[139.78988,35.62762],[139.78529,35.62513]]],[[[139.79114,35.59713],[139.7916,35.59396],[139.81809,35.60833],[139.81727,35.60973],[139.81059,35.61318],[139.79855,35.60707],[139.79114,35.59713]]],[[[139.793,35.593],[139.832,35.589],[139.804,35.598],[139.793,35.593]]],[[[139.80709,35.53111],[139.81096,35.5282],[139.81667,35.53326],[139.82603,35.54157],[139.82309,35.54384],[139.8198,35.54238],[139.80709,35.53111]]],[[[139.82,35.639],[139.821,35.634],[139.826,35.634],[139.825,35.637],[139.833,35.638],[139.833,35.64],[139.825,35.64],[139.823,35.642],[139.82,35.639]]],[[[139.826,35.631],[139.827,35.62],[139.832,35.621],[139.831,35.618],[139.836,35.612],[139.839,35.614],[139.84,35.632],[139.826,35.631]]],[[[139.84991,35.63847],[139.85548,35.63867],[139.85195,35.64039],[139.84991,35.63847]]],[[[140.286,30.484],[140.314,30.482],[140.292,30.492],[140.286,30.484]]],[[[140.869,27.243],[140.875,27.238],[140.884,27.237],[140.89,27.245],[140.889,27.249],[140.88,27.253],[140.875,27.254],[140.871,27.25],[140.869,27.243]]],[[[141.272,25.429],[141.275,25.42],[141.282,25.419],[141.29,25.422],[141.293,25.426],[141.292,25.433],[141.293,25.436],[141.288,25.447],[141.284,25.449],[141.28,25.448],[141.273,25.439],[141.272,25.429]]],[[[141.285,24.753],[141.346,24.773],[141.337,24.809],[141.29,24.795],[141.289,24.761],[141.285,24.753]]],[[[141.28485,24.80178],[141.28596,24.79769],[141.2877,24.80486],[141.2879,24.80652],[141.28646,24.80661],[141.28485,24.80178]]],[[[141.3786,24.78083],[141.37867,24.78037],[141.37868,24.78037],[141.3786,24.78083]]],[[[141.453,24.229],[141.455,24.225],[141.459,24.225],[141.469,24.227],[141.472,24.232],[141.473,24.239],[141.471,24.242],[141.462,24.245],[141.455,24.242],[141.454,24.237],[141.453,24.229]]],[[[142.09657,27.72054],[142.10274,27.71603],[142.10092,27.71947],[142.09657,27.72054]]],[[[142.123,26.604],[142.125,26.604],[142.129,26.595],[142.134,26.597],[142.136,26.601],[142.131,26.611],[142.126,26.61],[142.123,26.604]]],[[[142.123,26.706],[142.178,26.608],[142.189,26.66],[142.123,26.714],[142.123,26.706]]],[[[142.125,27.687],[142.149,27.673],[142.131,27.689],[142.125,27.687]]],[[[142.14712,26.58238],[142.15127,26.58193],[142.15357,26.5841],[142.16029,26.58443],[142.16144,26.58846],[142.14949,26.58598],[142.14712,26.58238]]],[[[142.152,26.559],[142.155,26.554],[142.153,26.548],[142.154,26.544],[142.158,26.544],[142.161,26.548],[142.159,26.554],[142.161,26.561],[142.155,26.565],[142.153,26.564],[142.152,26.559]]],[[[142.16159,27.11327],[142.16559,27.1129],[142.17167,27.1165],[142.16842,27.12157],[142.16343,27.12157],[142.16578,27.11697],[142.16159,27.11327]]],[[[142.172,27.633],[142.174,27.624],[142.178,27.627],[142.185,27.619],[142.187,27.623],[142.183,27.63],[142.18,27.63],[142.175,27.636],[142.172,27.633]]],[[[142.17273,27.04367],[142.17531,27.03176],[142.17772,27.03681],[142.17401,27.04409],[142.17273,27.04367]]],[[[142.181,27.146],[142.189,27.19],[142.181,27.151],[142.181,27.146]]],[[[142.182,27.1],[142.208,27.084],[142.184,27.046],[142.229,27.036],[142.225,27.089],[142.183,27.103],[142.182,27.1]]],[[[142.187,27.13],[142.234,27.109],[142.193,27.134],[142.187,27.13]]],[[[142.202,26.553],[142.205,26.555],[142.211,26.555],[142.215,26.557],[142.218,26.563],[142.213,26.564],[142.203,26.562],[142.204,26.559],[142.202,26.553]]],[[[142.205,27.5],[142.205,27.496],[142.21,27.495],[142.212,27.49],[142.216,27.491],[142.212,27.496],[142.211,27.502],[142.21,27.5],[142.205,27.5]]],[[[142.22583,26.56654],[142.22841,26.56375],[142.23162,26.56657],[142.23997,26.56759],[142.23067,26.57565],[142.22654,26.57055],[142.22583,26.56654]]],[[[142.24131,27.09583],[142.24574,27.09031],[142.24884,27.09151],[142.24512,27.09547],[142.24131,27.09583]]],[[[153.97114,24.28456],[153.98443,24.28086],[153.9866,24.28376],[153.98392,24.29755],[153.97114,24.28456]]]]}},{"type":"Feature","properties":{"name":"神奈川県"},"geometry":{"type":"MultiPolygon","coordinates":[[[[138.916,35.401],[139.002,35.399],[139.019,35.33],[138.975,35.248],[139.03,35.15],[139.16,35.14],[139.136,35.183],[139.171,35.254],[139.438,35.319],[139.572,35.293],[139.627,35.216],[139.608,35.143],[139.677,35.139],[139.657,35.186],[139.747,35.253],[139.631,35.3],[139.661,35.322],[139.622,35.331],[139.657,35.342],[139.628,35.409],[139.67,35.403],[139.691,35.439],[139.633,35.465],[139.754,35.531],[139.796,35.519],[139.703,35.537],[139.664,35.59],[139.525,35.643],[139.5,35.606],[139.449,35.612],[139.507,35.576],[139.47,35.57],[139.468,35.502],[139.399,35.584],[139.252,35.602],[139.131,35.672],[139.114,35.538],[138.937,35.449],[138.916,35.406],[138.916,35.401]]],[[[139.476,35.298],[139.478,35.298],[139.478,35.298],[139.479,35.298],[139.48,35.298],[139.48,35.298],[139.48,35.297],[139.48,35.297],[139.481,35.298],[139.488,35.299],[139.482,35.303],[139.478,35.301],[139.478,35.301],[139.476,35.298]]],[[[139.47844,35.29764],[139.47845,35.29765],[139.47846,35.29767],[139.47844,35.29764]]],[[[139.47993,35.29702],[139.47994,35.29701],[139.47998,35.29714],[139.47993,35.29702]]],[[[139.60915,35.13389],[139.62216,35.1324],[139.62858,35.12865],[139.62718,35.13398],[139.62093,35.13633],[139.60977,35.13786],[139.60915,35.13389]]],[[[139.62954,35.3288],[139.63358,35.32309],[139.63809,35.32703],[139.6343,35.33039],[139.62954,35.3288]]],[[[139.64168,35.33566],[139.64581,35.33434],[139.64855,35.33817],[139.64579,35.33869],[139.64168,35.33566]]],[[[139.64243,35.47214],[139.65292,35.46361],[139.65228,35.46697],[139.65596,35.47022],[139.65039,35.47445],[139.6457,35.47471],[139.64243,35.47214]]],[[[139.64371,35.30033],[139.64841,35.2948],[139.65291,35.29669],[139.6526,35.29971],[139.65679,35.30163],[139.65184,35.30742],[139.64371,35.30033]]],[[[139.671,35.403],[139.676,35.4],[139.682,35.404],[139.685,35.402],[139.678,35.396],[139.682,35.393],[139.691,35.4],[139.695,35.408],[139.692,35.41],[139.689,35.413],[139.684,35.409],[139.68,35.41],[139.671,35.403]]],[[[139.673,35.465],[139.673,35.461],[139.677,35.458],[139.696,35.45],[139.702,35.455],[139.698,35.462],[139.688,35.457],[139.685,35.459],[139.695,35.464],[139.695,35.465],[139.692,35.472],[139.673,35.465]]],[[[139.7,35.479],[139.742,35.477],[139.702,35.481],[139.7,35.479]]],[[[139.736,35.494],[139.74,35.488],[139.746,35.485],[139.758,35.491],[139.756,35.494],[139.759,35.495],[139.762,35.492],[139.779,35.5],[139.776,35.503],[139.778,35.504],[139.771,35.506],[139.761,35.506],[139.736,35.494]]],[[[139.749,35.52],[139.752,35.509],[139.754,35.509],[139.765,35.512],[139.766,35.514],[139.76,35.525],[139.757,35.527],[139.749,35.52]]]]}},{"type":"Feature","properties":{"name":"新潟県"},"geometry":{"type":"MultiPolygon","coordinates":[[[[137.635,36.98],[137.711,36.944],[137.762,36.766],[137.876,36.866],[137.868,36.916],[138.014,36.904],[138.003,36.826],[138.052,36.8],[138.214,36.871],[138.288,36.846],[138.297,36.911],[138.343,36.921],[138.396,36.996],[138.566,37.021],[138.589,36.914],[138.694,36.852],[138.67,36.774],[138.705,36.737],[138.821,36.764],[138.822,36.818],[138.929,36.833],[138.923,36.883],[138.979,36.891],[138.967,36.979],[139.048,36.988],[139.097,37.059],[139.241,36.941],[139.254,37.165],[139.165,37.239],[139.234,37.344],[139.197,37.411],[139.223,37.449],[139.398,37.46],[139.429,37.514],[139.585,37.513],[139.549,37.649],[139.742,37.818],[139.626,37.909],[139.655,38.035],[139.693,38.057],[139.682,38.17],[139.699,38.203],[139.786,38.192],[139.86,38.231],[139.899,38.293],[139.849,38.343],[139.71,38.387],[139.722,38.496],[139.548,38.553],[139.456,38.394],[139.449,38.234],[139.387,38.123],[139.227,37.999],[139.245,37.972],[139.215,37.993],[139.071,37.952],[138.842,37.817],[138.748,37.606],[138.552,37.376],[138.231,37.174],[138.102,37.174],[137.912,37.061],[137.651,36.981],[137.635,36.98]]],[[[138.204,37.823],[138.344,37.825],[138.499,37.92],[138.573,38.079],[138.48,38.062],[138.434,38.094],[138.515,38.332],[138.458,38.322],[138.437,38.262],[138.325,38.198],[138.242,38.087],[138.227,37.98],[138.255,37.965],[138.299,38.007],[138.344,37.965],[138.285,37.919],[138.269,37.848],[138.207,37.823],[138.204,37.823]]],[[[138.48035,38.33422],[138.48447,38.33189],[138.48423,38.33637],[138.48035,38.33422]]],[[[139.215,38.437],[139.264,38.486],[139.219,38.443],[139.215,38.437]]]]}},{"type":"Feature","properties":{"name":"富山県"},"geometry":{"type":"MultiPolygon","coordinates":[[[[136.792,36.299],[136.873,36.367],[136.875,36.343],[136.955,36.339],[136.975,36.274],[137.16,36.456],[137.206,36.428],[137.307,36.464],[137.32,36.424],[137.39,36.46],[137.41,36.425],[137.592,36.39],[137.705,36.518],[137.688,36.562],[137.753,36.594],[137.763,36.768],[137.711,36.944],[137.635,36.98],[137.491,36.954],[137.428,36.926],[137.393,36.807],[137.333,36.762],[137.122,36.779],[137.133,36.757],[136.991,36.854],[137.052,36.959],[136.931,36.951],[136.879,36.906],[136.849,36.759],[136.789,36.719],[136.824,36.67],[136.784,36.627],[136.817,36.552],[136.768,36.423],[136.808,36.359],[136.788,36.312],[136.792,36.299]]]]}},{"type":"Feature","properties":{"name":"石川県"},"geometry":{"type":"MultiPolygon","coordinates":[[[[136.244,36.295],[136.332,36.23],[136.358,36.165],[136.457,36.136],[136.56,36.153],[136.662,36.068],[136.754,36.086],[136.768,36.164],[136.852,36.247],[136.795,36.292],[136.808,36.359],[136.768,36.423],[136.817,36.552],[136.783,36.615],[136.823,36.681],[136.789,36.719],[136.849,36.759],[136.896,36.925],[137.057,36.968],[137.058,37.107],[136.973,37.047],[136.932,37.087],[136.86,37.076],[136.9,37.137],[136.876,37.146],[136.924,37.233],[137.026,37.188],[137.099,37.279],[137.247,37.307],[137.252,37.426],[137.36,37.451],[137.346,37.515],[137.275,37.533],[137.144,37.499],[136.738,37.348],[136.67,37.15],[136.727,37.136],[136.723,37.054],[136.769,36.999],[136.744,36.827],[136.526,36.534],[136.249,36.3],[136.244,36.295]]],[[[136.88977,37.10447],[136.89205,37.10281],[136.89088,37.10851],[136.88977,37.10447]]],[[[136.89716,37.6099],[136.90265,37.60906],[136.89992,37.61275],[136.89716,37.6099]]],[[[136.902,37.152],[136.946,37.091],[137.041,37.117],[137.054,37.149],[136.908,37.149],[136.902,37.152]]],[[[136.91203,37.84829],[136.91357,37.84411],[136.92292,37.85091],[136.92432,37.85517],[136.92196,37.85533],[136.9169,37.85386],[136.91203,37.84829]]]]}},{"type":"Feature","properties":{"name":"福井県"},"geometry":{"type":"MultiPolygon","coordinates":[[[[135.769,35.356],[135.813,35.413],[135.891,35.403],[135.94,35.521],[135.981,35.487],[136.027,35.529],[136.106,35.529],[136.114,35.583],[136.17,35.566],[136.15,35.698],[136.281,35.659],[136.328,35.775],[136.377,35.795],[136.506,35.75],[136.523,35.788],[136.789,35.799],[136.832,35.859],[136.793,35.946],[136.727,35.996],[136.764,36.075],[136.662,36.068],[136.552,36.155],[136.457,36.136],[136.358,36.165],[136.332,36.23],[136.244,36.295],[136.123,36.25],[136.128,36.19],[135.958,35.982],[135.994,35.888],[136.1,35.778],[136.072,35.661],[136.027,35.679],[136.017,35.764],[135.954,35.723],[135.978,35.628],[135.87,35.608],[135.815,35.642],[135.856,35.6],[135.84,35.563],[135.804,35.569],[135.834,35.536],[135.715,35.57],[135.689,35.545],[135.718,35.52],[135.765,35.534],[135.719,35.484],[135.584,35.491],[135.626,35.491],[135.658,35.545],[135.564,35.49],[135.51,35.501],[135.516,35.549],[135.45,35.527],[135.528,35.38],[135.762,35.356],[135.769,35.356]]],[[[135.80276,35.63012],[135.80648,35.63123],[135.80699,35.63877],[135.80503,35.63937],[135.80276,35.63012]]],[[[135.85008,35.57341],[135.85007,35.57342],[135.85004,35.57343],[135.85004,35.57342],[135.85007,35.57341],[135.85008,35.57341]]],[[[136.11695,36.25],[136.12096,36.25051],[136.12064,36.25354],[136.11695,36.25]]]]}},{"type":"Feature","properties":{"name":"山梨県"},"geometry":{"type":"MultiPolygon","coordinates":[[[[138.219,35.645],[138.269,35.514],[138.232,35.371],[138.255,35.32],[138.358,35.318],[138.399,35.2],[138.491,35.168],[138.533,35.201],[138.512,35.314],[138.559,35.434],[138.582,35.446],[138.609,35.393],[138.639,35.398],[138.663,35.398],[138.671,35.393],[138.681,35.358],[138.873,35.382],[138.954,35.46],[139.104,35.527],[139.134,35.617],[139.131,35.672],[139.022,35.723],[138.944,35.855],[138.892,35.84],[138.729,35.909],[138.676,35.87],[138.611,35.874],[138.591,35.92],[138.472,35.896],[138.451,35.945],[138.382,35.971],[138.284,35.859],[138.239,35.883],[138.188,35.8],[138.237,35.758],[138.182,35.718],[138.216,35.648],[138.219,35.645]]]]}},{"type":"Feature","properties":{"name":"長野県"},"geometry":{"type":"MultiPolygon","coordinates":[[[[137.562,35.289],[137.546,35.251],[137.579,35.198],[137.681,35.235],[137.779,35.203],[137.873,35.219],[137.895,35.258],[138.142,35.371],[138.12,35.455],[138.165,35.494],[138.141,35.555],[138.206,35.608],[138.182,35.718],[138.237,35.758],[138.188,35.8],[138.239,35.883],[138.284,35.859],[138.37,35.971],[138.443,35.951],[138.472,35.896],[138.591,35.92],[138.611,35.874],[138.676,35.87],[138.729,35.909],[138.713,35.985],[138.631,36.028],[138.645,36.12],[138.577,36.168],[138.636,36.171],[138.6,36.278],[138.653,36.303],[138.648,36.407],[138.489,36.401],[138.401,36.435],[138.458,36.634],[138.525,36.651],[138.514,36.69],[138.531,36.698],[138.537,36.697],[138.544,36.704],[138.696,36.739],[138.669,36.779],[138.694,36.852],[138.589,36.914],[138.566,37.021],[138.396,36.996],[138.343,36.921],[138.297,36.911],[138.288,36.846],[138.214,36.871],[138.052,36.8],[138.003,36.826],[138.014,36.904],[137.868,36.916],[137.876,36.866],[137.752,36.751],[137.751,36.588],[137.688,36.562],[137.705,36.518],[137.587,36.39],[137.653,36.305],[137.573,36.218],[137.595,36.172],[137.555,36.14],[137.551,36.11],[137.614,36.076],[137.595,36.013],[137.476,35.894],[137.381,35.892],[137.325,35.817],[137.465,35.756],[137.545,35.651],[137.514,35.608],[137.632,35.509],[137.593,35.447],[137.635,35.401],[137.575,35.4],[137.603,35.332],[137.556,35.296],[137.562,35.289]]]]}},{"type":"Feature","properties":{"name":"岐阜県"},"geometry":{"type":"MultiPolygon","coordinates":[[[[136.415,35.218],[136.534,35.257],[136.616,35.15],[136.646,35.166],[136.673,35.135],[136.678,35.241],[136.768,35.367],[136.921,35.379],[136.986,35.425],[137.081,35.292],[137.186,35.253],[137.308,35.291],[137.429,35.223],[137.562,35.283],[137.603,35.332],[137.575,35.4],[137.635,35.401],[137.593,35.447],[137.632,35.509],[137.514,35.608],[137.545,35.651],[137.465,35.756],[137.325,35.812],[137.381,35.892],[137.476,35.894],[137.595,36.013],[137.614,36.076],[137.551,36.11],[137.555,36.14],[137.595,36.172],[137.573,36.218],[137.648,36.289],[137.646,36.341],[137.511,36.424],[137.445,36.413],[137.39,36.46],[137.313,36.425],[137.317,36.461],[137.277,36.465],[137.206,36.428],[137.16,36.456],[136.975,36.274],[136.947,36.346],[136.837,36.347],[136.827,36.303],[136.792,36.299],[136.852,36.247],[136.766,36.16],[136.727,35.996],[136.824,35.893],[136.789,35.799],[136.523,35.788],[136.506,35.75],[136.377,35.795],[136.328,35.775],[136.277,35.656],[136.324,35.617],[136.317,35.547],[136.373,35.56],[136.4,35.53],[136.387,35.488],[136.444,35.389],[136.377,35.243],[136.412,35.218],[136.415,35.218]]]]}},{"type":"Feature","properties":{"name":"静岡県"},"geometry":{"type":"MultiPolygon","coordinates":[[[[137.485,34.674],[137.799,34.646],[137.97,34.665],[138.227,34.595],[138.195,34.664],[138.304,34.777],[138.358,34.915],[138.527,34.995],[138.491,35.022],[138.555,35.099],[138.696,35.145],[138.907,35.049],[138.892,35.017],[138.787,35.03],[138.762,34.971],[138.79,34.91],[138.757,34.886],[138.777,34.76],[138.739,34.691],[138.846,34.603],[138.957,34.676],[138.986,34.658],[138.998,34.742],[139.139,34.889],[139.147,34.954],[139.094,34.978],[139.1,35.045],[139.069,35.053],[139.112,35.141],[139.03,35.15],[138.988,35.201],[138.975,35.264],[139.019,35.33],[138.995,35.403],[138.681,35.358],[138.582,35.446],[138.532,35.409],[138.512,35.314],[138.533,35.201],[138.491,35.168],[138.427,35.183],[138.358,35.318],[138.285,35.304],[138.249,35.332],[138.269,35.514],[138.219,35.645],[138.189,35.577],[138.141,35.555],[138.165,35.494],[138.12,35.455],[138.142,35.371],[137.828,35.212],[137.803,35.183],[137.829,35.152],[137.641,34.893],[137.487,34.812],[137.486,34.68],[137.485,34.674]]],[[[138.208,34.628],[138.211,34.624],[138.209,34.622],[138.219,34.618],[138.222,34.622],[138.219,34.627],[138.215,34.625],[138.211,34.63],[138.208,34.628]]],[[[138.87096,34.61776],[138.87099,34.61774],[138.87098,34.61775],[138.87096,34.61776]]],[[[138.88589,35.03319],[138.8905,35.03103],[138.88644,35.03605],[138.88589,35.03319]]],[[[138.96554,34.65132],[138.96562,34.65148],[138.9656,34.65146],[138.96554,34.65132]]],[[[139.164,35.04303],[139.16796,35.03655],[139.17235,35.03667],[139.17655,35.03967],[139.16856,35.04327],[139.164,35.04303]]]]}},{"type":"Feature","properties":{"name":"愛知県"},"geometry":{"type":"MultiPolygon","coordinates":[[[[136.673,35.135],[136.794,35.014],[136.827,35.083],[136.856,35.057],[136.897,35.085],[136.82,34.966],[136.822,34.884],[136.867,34.838],[136.84,34.765],[136.874,34.729],[136.977,34.704],[136.915,34.77],[136.981,34.957],[136.957,34.833],[137.025,34.778],[137.178,34.766],[137.216,34.823],[137.331,34.781],[137.32,34.733],[137.339,34.729],[137.347,34.732],[137.352,34.727],[137.309,34.725],[137.307,34.68],[137.285,34.731],[137.119,34.635],[137.068,34.661],[137.036,34.578],[137.485,34.674],[137.487,34.812],[137.641,34.893],[137.718,35.036],[137.801,35.107],[137.829,35.152],[137.803,35.183],[137.838,35.212],[137.681,35.235],[137.579,35.198],[137.546,35.251],[137.567,35.29],[137.429,35.223],[137.308,35.291],[137.186,35.253],[137.081,35.292],[136.986,35.425],[136.921,35.379],[136.768,35.367],[136.678,35.241],[136.671,35.14],[136.673,35.135]]],[[[136.798,34.876],[136.814,34.84],[136.806,34.878],[136.798,34.876]]],[[[136.8001,35.00354],[136.81188,34.99588],[136.82158,35.00793],[136.82153,35.01758],[136.81631,35.01663],[136.80889,35.01272],[136.8001,35.00354]]],[[[136.81,35.049],[136.81,35.036],[136.811,35.027],[136.818,35.026],[136.826,35.028],[136.839,35.03],[136.831,35.049],[136.81,35.049]]],[[[136.811,34.95478],[136.82027,34.94977],[136.82306,34.95318],[136.82575,34.96049],[136.82373,34.96],[136.81869,34.96435],[136.811,34.95478]]],[[[136.838,35.052],[136.846,35.034],[136.848,35.037],[136.844,35.042],[136.85,35.041],[136.846,35.046],[136.848,35.047],[136.852,35.044],[136.855,35.055],[136.849,35.054],[136.849,35.056],[136.841,35.056],[136.838,35.052]]],[[[136.865,35.05],[136.872,35.05],[136.876,35.054],[136.882,35.07],[136.878,35.072],[136.874,35.072],[136.869,35.068],[136.868,35.063],[136.87,35.063],[136.865,35.05]]],[[[136.94556,34.82002],[136.95714,34.8276],[136.95489,34.83049],[136.94601,34.8248],[136.94556,34.82002]]],[[[136.997,34.705],[136.999,34.701],[137.01,34.703],[137.013,34.707],[137.007,34.709],[137.006,34.707],[137.002,34.708],[137.002,34.705],[136.997,34.705]]],[[[137,34.678],[137.001,34.671],[137.003,34.667],[137.006,34.667],[137.005,34.672],[137.01,34.677],[137.01,34.684],[137.008,34.686],[137.006,34.682],[137.007,34.679],[137,34.678]]],[[[137.00181,34.68255],[137.00223,34.67931],[137.00572,34.68074],[137.00181,34.68255]]],[[[137.031,34.724],[137.038,34.72],[137.038,34.724],[137.044,34.727],[137.047,34.721],[137.05,34.719],[137.049,34.715],[137.052,34.716],[137.053,34.721],[137.056,34.722],[137.05,34.724],[137.055,34.727],[137.041,34.732],[137.036,34.731],[137.036,34.728],[137.031,34.724]]],[[[137.09887,34.76872],[137.10119,34.76586],[137.10246,34.76946],[137.09887,34.76872]]],[[[137.22903,34.78682],[137.23491,34.78668],[137.23577,34.78947],[137.22903,34.78682]]],[[[137.237,34.784],[137.237,34.784],[137.237,34.784],[137.237,34.784],[137.237,34.784],[137.237,34.784],[137.237,34.784],[137.237,34.784],[137.237,34.784]]],[[[137.29863,34.8099],[137.30138,34.79821],[137.3046,34.79741],[137.31137,34.79906],[137.30804,34.80507],[137.29863,34.8099]]],[[[137.30806,34.73505],[137.31869,34.73312],[137.31881,34.74849],[137.31429,34.74857],[137.31419,34.7447],[137.30979,34.74469],[137.30806,34.73505]]]]}},{"type":"Feature","properties":{"name":"三重県"},"geometry":{"type":"MultiPolygon","coordinates":[[[[136.012,33.723],[136.099,33.883],[136.231,33.946],[136.192,33.971],[136.211,33.999],[136.272,33.973],[136.243,34.014],[136.282,34.022],[136.202,34.077],[136.268,34.129],[136.249,34.095],[136.294,34.086],[136.313,34.118],[136.278,34.161],[136.322,34.196],[136.455,34.221],[136.466,34.257],[136.496,34.225],[136.506,34.279],[136.548,34.25],[136.59,34.294],[136.571,34.278],[136.605,34.259],[136.674,34.312],[136.637,34.312],[136.661,34.346],[136.729,34.335],[136.689,34.286],[136.764,34.293],[136.762,34.316],[136.799,34.29],[136.806,34.328],[136.866,34.288],[136.765,34.26],[136.848,34.247],[136.902,34.278],[136.878,34.336],[136.909,34.365],[136.813,34.368],[136.913,34.376],[136.925,34.444],[136.877,34.431],[136.877,34.474],[136.831,34.506],[136.816,34.485],[136.641,34.592],[136.529,34.61],[136.558,34.671],[136.522,34.689],[136.531,34.747],[136.667,34.937],[136.634,34.949],[136.65,34.991],[136.773,35.024],[136.75,35.081],[136.655,35.161],[136.616,35.15],[136.534,35.257],[136.415,35.218],[136.409,35.187],[136.455,35.161],[136.442,35.067],[136.366,34.905],[136.251,34.858],[136.106,34.9],[136.086,34.876],[136.126,34.862],[136.091,34.812],[136.02,34.786],[136.086,34.676],[136.041,34.664],[136.074,34.634],[136.047,34.585],[136.114,34.546],[136.156,34.56],[136.229,34.495],[136.206,34.449],[136.096,34.435],[136.069,34.394],[136.13,34.316],[136.095,34.301],[136.132,34.252],[136.093,34.19],[136.104,34.028],[136.02,34.037],[136.01,33.966],[135.894,33.92],[135.898,33.87],[135.853,33.862],[135.858,33.816],[135.946,33.732],[136.008,33.727],[136.012,33.723]]],[[[136.25598,34.06045],[136.26101,34.05761],[136.25997,34.06124],[136.25598,34.06045]]],[[[136.30014,34.16248],[136.30268,34.15705],[136.30742,34.16013],[136.30407,34.16366],[136.30014,34.16248]]],[[[136.31952,34.17142],[136.31957,34.1661],[136.32176,34.16968],[136.31952,34.17142]]],[[[136.36194,34.15155],[136.36574,34.14812],[136.36622,34.15149],[136.36194,34.15155]]],[[[136.381045,34.18725],[136.38101,34.18737],[136.38104,34.18726],[136.381045,34.18725]]],[[[136.381045,34.18725],[136.38108,34.18713],[136.38105,34.18724],[136.381045,34.18725]]],[[[136.38116057692307,34.184223076923075],[136.38116,34.18426],[136.38116,34.18423],[136.38116057692307,34.184223076923075]]],[[[136.38116057692307,34.184223076923075],[136.38117,34.18362],[136.38117,34.18411],[136.38116057692307,34.184223076923075]]],[[[136.53010681529793,34.26797214402449],[136.52548,34.26223],[136.5286,34.2601],[136.53010681529793,34.26797214402449]]],[[[136.53010681529793,34.26797214402449],[136.53035151509405,34.268275830552184],[136.53016,34.26825],[136.53010681529793,34.26797214402449]]],[[[136.54762,34.24784],[136.54945,34.24279],[136.55555,34.2434],[136.55064,34.24955],[136.54762,34.24784]]],[[[136.63649,34.27567],[136.63656,34.27565],[136.6365,34.27567],[136.63649,34.27567]]],[[[136.65,34.977],[136.675,35.002],[136.671,35.002],[136.664,34.999],[136.653,34.992],[136.65,34.977]]],[[[136.67941,34.29666],[136.68227,34.29547],[136.6826,34.30054],[136.67941,34.29666]]],[[[136.68106,34.32474],[136.68109,34.32473],[136.68108,34.32474],[136.68106,34.32474]]],[[[136.71337,34.33416],[136.71715,34.33452],[136.71975,34.33845],[136.71856,34.34064],[136.71509,34.33833],[136.71337,34.33416]]],[[[136.73111,34.53694],[136.73466,34.53619],[136.73324,34.54003],[136.73111,34.53694]]],[[[136.80813,34.28735],[136.81436,34.2875],[136.82254,34.29085],[136.81787,34.29314],[136.80813,34.28735]]],[[[136.811,34.309],[136.814,34.304],[136.819,34.307],[136.821,34.305],[136.826,34.307],[136.824,34.311],[136.82,34.311],[136.811,34.309]]],[[[136.82045,34.29672],[136.82537,34.29515],[136.82482,34.30027],[136.82045,34.29672]]],[[[136.82235,34.29566],[136.82461,34.29265],[136.82268,34.2898],[136.82755,34.29006],[136.82235,34.29566]]],[[[136.83675,34.51801],[136.83996,34.51672],[136.84765,34.51953],[136.8445,34.52027],[136.83675,34.51801]]],[[[136.83773,34.26668],[136.84155,34.26756],[136.83777,34.26937],[136.83773,34.26668]]],[[[136.847,34.508],[136.901,34.538],[136.848,34.511],[136.847,34.508]]],[[[136.85109,34.48741],[136.85727,34.48293],[136.8639,34.48597],[136.86451,34.48872],[136.85962,34.49076],[136.85109,34.48741]]],[[[136.86625,34.36493],[136.87349,34.35741],[136.87806,34.36545],[136.87633,34.3678],[136.87239,34.36292],[136.87042,34.36574],[136.86625,34.36493]]],[[[136.872,34.487],[136.909,34.503],[136.904,34.503],[136.897,34.498],[136.878,34.494],[136.872,34.487]]],[[[136.89221,34.45868],[136.89509,34.45564],[136.89784,34.46097],[136.89221,34.45868]]],[[[136.90748,34.54174],[136.91258,34.53993],[136.91651,34.54439],[136.90929,34.54359],[136.90748,34.54174]]],[[[136.97722,34.54858],[136.97735,34.54575],[136.98129,34.54339],[136.98226,34.54014],[136.98766,34.54955],[136.98261,34.55094],[136.97722,34.54858]]]]}},{"type":"Feature","properties":{"name":"滋賀県"},"geometry":{"type":"MultiPolygon","coordinates":[[[[136.022,34.792],[136.091,34.812],[136.126,34.862],[136.086,34.876],[136.106,34.9],[136.251,34.858],[136.366,34.905],[136.442,35.067],[136.455,35.161],[136.377,35.243],[136.444,35.389],[136.387,35.488],[136.4,35.53],[136.373,35.56],[136.317,35.547],[136.324,35.617],[136.185,35.704],[136.134,35.67],[136.17,35.566],[136.114,35.583],[136.106,35.529],[136.027,35.529],[135.981,35.487],[135.94,35.521],[135.891,35.403],[135.813,35.413],[135.764,35.345],[135.861,35.283],[135.815,35.042],[135.878,34.947],[135.867,34.892],[135.941,34.894],[135.946,34.852],[136.028,34.822],[136.016,34.795],[136.022,34.792]]]]}},{"type":"Feature","properties":{"name":"京都府"},"geometry":{"type":"MultiPolygon","coordinates":[[[[135.371,35.045],[135.382,35.01],[135.487,34.992],[135.481,34.95],[135.541,34.915],[135.581,34.922],[135.571,34.97],[135.613,34.971],[135.599,34.928],[135.676,34.899],[135.747,34.801],[135.756,34.728],[135.89,34.709],[135.924,34.758],[136.029,34.706],[136.055,34.739],[136.005,34.843],[135.946,34.852],[135.941,34.894],[135.867,34.892],[135.878,34.947],[135.827,34.991],[135.858,35.289],[135.83,35.277],[135.769,35.356],[135.528,35.38],[135.527,35.418],[135.458,35.468],[135.476,35.505],[135.45,35.527],[135.487,35.558],[135.452,35.568],[135.463,35.604],[135.339,35.547],[135.343,35.504],[135.394,35.517],[135.398,35.479],[135.351,35.492],[135.317,35.451],[135.331,35.517],[135.243,35.537],[135.275,35.56],[135.256,35.599],[135.187,35.548],[135.309,35.694],[135.225,35.778],[134.939,35.651],[134.868,35.658],[134.854,35.589],[134.923,35.516],[135.036,35.54],[135.045,35.509],[135.049,35.408],[134.934,35.407],[134.925,35.312],[135.068,35.237],[135.157,35.261],[135.207,35.161],[135.274,35.177],[135.288,35.143],[135.39,35.129],[135.404,35.089],[135.369,35.049],[135.371,35.045]]],[[[135.33829,35.49358],[135.34469,35.49447],[135.34786,35.49693],[135.34239,35.49752],[135.34051,35.49872],[135.33829,35.49358]]],[[[135.39245,35.5779],[135.39382,35.5734],[135.39531,35.57639],[135.39245,35.5779]]],[[[135.4213,35.68021],[135.42348,35.6764],[135.42769,35.68139],[135.42522,35.68742],[135.4213,35.68021]]],[[[135.47658,35.596],[135.48144,35.59448],[135.48074,35.60345],[135.47891,35.60515],[135.47658,35.596]]]]}},{"type":"Feature","properties":{"name":"大阪府"},"geometry":{"type":"MultiPolygon","coordinates":[[[[135.093,34.312],[135.11,34.273],[135.154,34.274],[135.676,34.399],[135.685,34.484],[135.65,34.544],[135.682,34.585],[135.652,34.607],[135.707,34.772],[135.747,34.801],[135.649,34.926],[135.599,34.928],[135.613,34.971],[135.571,34.97],[135.581,34.922],[135.541,34.915],[135.481,34.95],[135.487,34.992],[135.382,35.01],[135.359,35.05],[135.33,35.035],[135.361,34.954],[135.469,34.925],[135.419,34.91],[135.445,34.895],[135.416,34.818],[135.46,34.733],[135.407,34.697],[135.453,34.635],[135.426,34.593],[135.466,34.583],[135.421,34.57],[135.416,34.594],[135.402,34.6],[135.442,34.548],[135.39,34.505],[135.378,34.532],[135.353,34.451],[135.217,34.344],[135.099,34.315],[135.093,34.312]]],[[[135.201,34.428],[135.265,34.438],[135.218,34.438],[135.201,34.428]]],[[[135.32828,34.44994],[135.33317,34.44481],[135.34239,34.45105],[135.34721,34.45869],[135.33907,34.4693],[135.34079,34.46693],[135.32828,34.44994]]],[[[135.34398,34.62273],[135.34567,34.61728],[135.35871,34.62778],[135.35353,34.63225],[135.34398,34.62273]]],[[[135.3531048523079,34.480018656430204],[135.35056,34.47583],[135.35109,34.4657],[135.35487,34.46742],[135.35957,34.4737],[135.3531048523079,34.480018656430204]]],[[[135.3531048523079,34.480018656430204],[135.3542950209556,34.4819775943001],[135.35295,34.48017],[135.3531048523079,34.480018656430204]]],[[[135.3542950209556,34.4819775943001],[135.35484,34.48271],[135.35478,34.4887],[135.35474,34.48271],[135.3542950209556,34.4819775943001]]],[[[135.373,34.652],[135.379,34.643],[135.393,34.642],[135.405,34.654],[135.4,34.657],[135.379,34.66],[135.38,34.661],[135.373,34.652]]],[[[135.38685,34.66268],[135.40978,34.65905],[135.41095,34.66565],[135.40939,34.66879],[135.40262,34.67318],[135.38805,34.66784],[135.38685,34.66268]]],[[[135.388,34.524],[135.393,34.525],[135.391,34.522],[135.395,34.517],[135.4,34.519],[135.403,34.526],[135.401,34.527],[135.396,34.532],[135.394,34.531],[135.388,34.524]]],[[[135.39,34.628],[135.42,34.613],[135.418,34.62],[135.406,34.62],[135.399,34.621],[135.39,34.628]]],[[[135.399,34.631],[135.442,34.628],[135.399,34.638],[135.399,34.631]]],[[[135.399,34.536],[135.441,34.554],[135.405,34.547],[135.399,34.536]]]]}},{"type":"Feature","properties":{"name":"兵庫県"},"geometry":{"type":"MultiPolygon","coordinates":[[[[134.322,34.722],[134.358,34.751],[134.414,34.729],[134.464,34.764],[134.46,34.804],[134.474,34.755],[134.527,34.783],[134.746,34.769],[135.046,34.625],[135.183,34.65],[135.19,34.686],[135.324,34.726],[135.371,34.681],[135.401,34.699],[135.393,34.688],[135.374,34.679],[135.376,34.677],[135.46,34.733],[135.416,34.818],[135.445,34.895],[135.419,34.91],[135.469,34.925],[135.345,34.967],[135.33,35.035],[135.4,35.076],[135.39,35.129],[135.288,35.143],[135.274,35.177],[135.207,35.161],[135.157,35.261],[135.068,35.237],[134.925,35.312],[134.934,35.407],[135.049,35.408],[135.036,35.54],[134.923,35.516],[134.854,35.589],[134.868,35.658],[134.664,35.667],[134.616,35.639],[134.538,35.67],[134.37,35.615],[134.422,35.563],[134.471,35.38],[134.513,35.354],[134.515,35.277],[134.382,35.222],[134.412,35.152],[134.367,35.147],[134.316,35.043],[134.264,35.017],[134.286,34.997],[134.254,34.938],[134.295,34.904],[134.253,34.852],[134.317,34.802],[134.321,34.729],[134.322,34.722]]],[[[134.43337,34.64828],[134.44162,34.64908],[134.44111,34.65389],[134.43458,34.65181],[134.43337,34.64828]]],[[[134.458,34.645],[134.496,34.668],[134.462,34.647],[134.458,34.645]]],[[[134.4764,34.59312],[134.48224,34.59391],[134.48552,34.59841],[134.48401,34.59993],[134.47946,34.59964],[134.4764,34.59312]]],[[[134.49628,34.63095],[134.49958,34.62966],[134.50097,34.6361],[134.49768,34.6352],[134.49628,34.63095]]],[[[134.501,34.643],[134.515,34.638],[134.518,34.641],[134.515,34.642],[134.518,34.645],[134.513,34.645],[134.513,34.651],[134.518,34.65],[134.519,34.654],[134.516,34.656],[134.516,34.66],[134.513,34.659],[134.513,34.654],[134.503,34.65],[134.504,34.647],[134.501,34.643]]],[[[134.508,34.677],[134.546,34.661],[134.516,34.682],[134.508,34.677]]],[[[134.52924,34.64269],[134.53379,34.64298],[134.53371,34.64652],[134.52924,34.64269]]],[[[134.562,34.664],[134.591,34.662],[134.562,34.669],[134.562,34.664]]],[[[134.59309,34.76945],[134.59653,34.7595],[134.5994,34.75967],[134.60032,34.76507],[134.60627,34.7664],[134.60555,34.77221],[134.59309,34.76945]]],[[[134.60651,34.67688],[134.61124,34.67697],[134.60788,34.67934],[134.60651,34.67688]]],[[[134.63788,34.68746],[134.63849,34.68332],[134.64115,34.68519],[134.63788,34.68746]]],[[[134.657,34.293],[134.659,34.241],[134.718,34.257],[134.7,34.222],[134.73,34.189],[134.952,34.266],[134.894,34.353],[134.895,34.417],[135.023,34.588],[134.984,34.604],[134.877,34.522],[134.728,34.331],[134.662,34.297],[134.657,34.293]]],[[[134.65719,34.76508],[134.66337,34.76544],[134.66745,34.77017],[134.66184,34.77236],[134.65719,34.76508]]],[[[134.67107,35.66105],[134.67421,35.66281],[134.67238,35.66608],[134.67107,35.66105]]],[[[134.69086,34.7602],[134.69794,34.75996],[134.70195,34.7708],[134.69267,34.76827],[134.69086,34.7602]]],[[[134.811,34.157],[134.824,34.158],[134.824,34.16],[134.831,34.164],[134.831,34.172],[134.821,34.18],[134.82,34.179],[134.821,34.17],[134.817,34.169],[134.812,34.164],[134.811,34.157]]],[[[134.84,34.697],[134.853,34.694],[134.858,34.7],[134.862,34.707],[134.856,34.71],[134.848,34.712],[134.847,34.711],[134.854,34.708],[134.853,34.706],[134.846,34.708],[134.84,34.697]]],[[[134.857,34.692],[134.863,34.69],[134.878,34.684],[134.884,34.692],[134.862,34.697],[134.857,34.692]]],[[[134.946,34.297],[134.947,34.293],[134.951,34.293],[134.952,34.288],[134.958,34.283],[134.953,34.293],[134.948,34.298],[134.946,34.297]]],[[[135.201,34.674],[135.202,34.659],[135.217,34.65],[135.245,34.651],[135.211,34.679],[135.201,34.674]]],[[[135.20887,34.63385],[135.20928,34.63014],[135.23871,34.6324],[135.23655,34.64081],[135.23197,34.64144],[135.21279,34.63964],[135.20887,34.63385]]],[[[135.252,34.693],[135.254,34.678],[135.291,34.682],[135.264,34.698],[135.252,34.693]]],[[[135.27454,34.66542],[135.27681,34.6513],[135.28019,34.65135],[135.28285,34.65141],[135.28046,34.66608],[135.27454,34.66542]]],[[[135.292,34.712],[135.294,34.705],[135.304,34.706],[135.304,34.71],[135.303,34.717],[135.294,34.718],[135.295,34.716],[135.292,34.712]]],[[[135.306,34.713],[135.307,34.706],[135.321,34.705],[135.322,34.708],[135.318,34.709],[135.322,34.712],[135.322,34.716],[135.306,34.713]]],[[[135.32481,34.71699],[135.32492,34.71037],[135.33881,34.71092],[135.34116,34.71579],[135.33467,34.72127],[135.33031,34.72211],[135.32481,34.71699]]],[[[135.34241,34.71366],[135.34501,34.70478],[135.34711,34.70287],[135.35311,34.70733],[135.34359,34.71527],[135.34241,34.71366]]]]}},{"type":"Feature","properties":{"name":"奈良県"},"geometry":{"type":"MultiPolygon","coordinates":[[[[135.858,33.873],[135.927,33.981],[136.02,34.037],[136.104,34.028],[136.093,34.19],[136.132,34.252],[136.095,34.301],[136.13,34.316],[136.069,34.394],[136.096,34.435],[136.206,34.449],[136.229,34.495],[136.156,34.56],[136.114,34.546],[136.047,34.585],[136.074,34.634],[136.041,34.664],[136.086,34.676],[136.055,34.739],[136.014,34.708],[135.924,34.758],[135.849,34.706],[135.756,34.728],[135.712,34.781],[135.652,34.607],[135.682,34.585],[135.65,34.544],[135.687,34.451],[135.651,34.383],[135.673,34.281],[135.73,34.228],[135.641,34.214],[135.54,34.075],[135.636,33.991],[135.6,33.908],[135.618,33.872],[135.71,33.904],[135.853,33.877],[135.858,33.873]]]]}},{"type":"Feature","properties":{"name":"和歌山県"},"geometry":{"type":"MultiPolygon","coordinates":[[[[134.999,34.28],[135.005,34.277],[135.012,34.276],[135.012,34.279],[135.017,34.281],[135.02,34.286],[135.021,34.293],[135.013,34.284],[135.005,34.285],[134.999,34.28]]],[[[135.033,34.296],[135.06,34.298],[135.055,34.299],[135.042,34.298],[135.037,34.299],[135.033,34.296]]],[[[136.012,33.723],[135.946,33.732],[135.858,33.816],[135.847,33.897],[135.685,33.904],[135.618,33.872],[135.601,33.903],[135.639,33.983],[135.546,34.098],[135.648,34.219],[135.73,34.228],[135.673,34.281],[135.651,34.383],[135.154,34.274],[135.074,34.305],[135.063,34.262],[135.209,34.149],[135.124,34.136],[135.143,34.11],[135.114,34.119],[135.079,34.074],[135.171,34.032],[135.07,33.978],[135.114,33.957],[135.068,33.932],[135.058,33.88],[135.142,33.885],[135.235,33.782],[135.396,33.723],[135.33,33.67],[135.393,33.641],[135.389,33.595],[135.446,33.549],[135.759,33.484],[135.753,33.438],[135.787,33.438],[135.8,33.5],[135.96,33.583],[135.926,33.607],[135.998,33.709],[136.012,33.723]]],[[[135.07496,34.11297],[135.07878,34.10997],[135.08384,34.11359],[135.07713,34.11525],[135.07496,34.11297]]],[[[135.08184,33.99],[135.0869,33.98864],[135.08712,33.9917],[135.08184,33.99]]],[[[135.09313,34.00294],[135.10244,34.0041],[135.09501,34.00589],[135.09372,34.00785],[135.09313,34.00294]]],[[[135.09735,34.11157],[135.10028,34.10816],[135.10535,34.11018],[135.10209,34.1139],[135.10269,34.11808],[135.09857,34.11645],[135.09735,34.11157]]],[[[135.1187,34.01849],[135.12469,34.01504],[135.1287,34.01757],[135.12134,34.01964],[135.1187,34.01849]]],[[[135.14327,33.86332],[135.14769,33.85679],[135.15502,33.85818],[135.15537,33.86228],[135.1463,33.86052],[135.14327,33.86332]]],[[[135.1769,34.15212],[135.18297,34.15079],[135.18381,34.15262],[135.18257,34.15576],[135.17762,34.1551],[135.1769,34.15212]]],[[[135.17745,34.15906],[135.17881,34.15533],[135.18221,34.15585],[135.18085,34.159],[135.17745,34.15906]]],[[[135.58924,33.5],[135.59282,33.4977],[135.59109,33.5024],[135.58924,33.5]]],[[[135.798,33.464],[135.863,33.472],[135.8,33.47],[135.798,33.464]]],[[[135.81229,33.44978],[135.81606,33.44568],[135.82054,33.45167],[135.81869,33.45263],[135.81229,33.44978]]],[[[135.875,33.862],[135.902,33.885],[135.866,33.92],[135.873,33.868],[135.875,33.862]]],[[[135.909,33.918],[136.01,33.966],[136.007,34.008],[135.916,33.973],[135.91,33.923],[135.909,33.918]]]]}},{"type":"Feature","properties":{"name":"鳥取県"},"geometry":{"type":"MultiPolygon","coordinates":[[[[133.269,35.058],[133.299,35.104],[133.412,35.121],[133.396,35.181],[133.526,35.183],[133.506,35.228],[133.561,35.247],[133.596,35.345],[133.745,35.32],[133.832,35.249],[133.932,35.333],[134.015,35.35],[134.008,35.308],[134.139,35.279],[134.178,35.169],[134.393,35.253],[134.464,35.237],[134.515,35.277],[134.513,35.354],[134.471,35.38],[134.422,35.563],[134.37,35.615],[134.197,35.533],[133.784,35.501],[133.568,35.53],[133.402,35.453],[133.294,35.477],[133.246,35.528],[133.272,35.552],[133.228,35.549],[133.219,35.546],[133.201,35.535],[133.198,35.529],[133.222,35.481],[133.321,35.41],[133.31,35.268],[133.153,35.219],[133.195,35.17],[133.149,35.14],[133.136,35.071],[133.265,35.062],[133.269,35.058]]]]}},{"type":"Feature","properties":{"name":"島根県"},"geometry":{"type":"MultiPolygon","coordinates":[[[[132.069,34.468],[132.036,34.501],[132.126,34.583],[132.162,34.683],[132.131,34.708],[132.222,34.75],[132.243,34.807],[132.397,34.779],[132.437,34.821],[132.538,34.795],[132.615,34.842],[132.699,34.843],[132.701,34.881],[132.634,34.905],[132.75,34.96],[132.873,35.102],[133.141,35.076],[133.149,35.14],[133.195,35.17],[133.153,35.219],[133.31,35.268],[133.296,35.349],[133.324,35.374],[133.309,35.431],[133.198,35.529],[133.327,35.568],[133.141,35.561],[133.095,35.604],[133.027,35.539],[132.968,35.543],[132.971,35.516],[132.831,35.505],[132.728,35.469],[132.75,35.448],[132.628,35.434],[132.675,35.387],[132.629,35.288],[132.418,35.191],[132.312,35.059],[132.112,34.953],[131.849,34.711],[131.691,34.681],[131.728,34.577],[131.668,34.504],[131.697,34.435],[131.794,34.436],[131.764,34.377],[131.819,34.303],[131.92,34.338],[131.959,34.306],[132.012,34.367],[131.997,34.428],[132.064,34.469],[132.069,34.468]]],[[[131.83059,34.835],[131.83753,34.83354],[131.84167,34.83598],[131.83352,34.8374],[131.83059,34.835]]],[[[132.04595,34.90463],[132.04805,34.90172],[132.05079,34.90608],[132.04595,34.90463]]],[[[132.04909,34.89625],[132.0535,34.89794],[132.05202,34.89982],[132.04909,34.89625]]],[[[132.05778,34.89986],[132.06214,34.8983],[132.06345,34.90146],[132.06152,34.90475],[132.05809,34.90395],[132.05778,34.89986]]],[[[132.31398,35.06431],[132.31412,35.06421],[132.31406,35.06426],[132.31403,35.06428],[132.31398,35.06431]]],[[[132.36464,35.12138],[132.36473,35.12154],[132.36472,35.12154],[132.36464,35.12138]]],[[[132.946,36.08],[132.998,36.038],[132.979,36.089],[133.005,36.106],[133.046,36.061],[133.04,36.106],[133.09,36.137],[133.015,36.138],[132.952,36.083],[132.946,36.08]]],[[[133,36.032],[133.01,36.002],[133.073,36.011],[133.004,36.033],[133,36.032]]],[[[133.0482,35.99902],[133.05051,35.99747],[133.04947,35.99365],[133.05245,35.99419],[133.05432,36.00217],[133.0482,35.99902]]],[[[133.064,36.101],[133.069,36.035],[133.151,36.075],[133.113,36.12],[133.07,36.101],[133.064,36.101]]],[[[133.07564,35.99843],[133.07786,35.99308],[133.07992,35.99688],[133.07718,36],[133.07564,35.99843]]],[[[133.11932,35.5892],[133.12465,35.58727],[133.12431,35.59311],[133.12637,35.5962],[133.12238,35.59486],[133.11932,35.5892]]],[[[133.156,36.105],[133.163,36.103],[133.165,36.1],[133.169,36.101],[133.165,36.108],[133.167,36.113],[133.164,36.114],[133.163,36.114],[133.156,36.105]]],[[[133.17174,36.13288],[133.17962,36.13695],[133.17501,36.14008],[133.17174,36.13288]]],[[[133.177,36.256],[133.251,36.161],[133.279,36.188],[133.34,36.17],[133.306,36.198],[133.368,36.205],[133.386,36.268],[133.279,36.349],[133.178,36.259],[133.177,36.256]]],[[[133.23611,35.57964],[133.24475,35.58153],[133.24068,35.58247],[133.23611,35.57964]]]]}},{"type":"Feature","properties":{"name":"岡山県"},"geometry":{"type":"MultiPolygon","coordinates":[[[[133.447,34.48],[133.489,34.441],[133.528,34.468],[133.487,34.513],[133.54,34.461],[133.69,34.525],[133.691,34.523],[133.705,34.523],[133.704,34.478],[133.743,34.471],[133.737,34.491],[133.719,34.496],[133.74,34.525],[133.785,34.436],[133.822,34.43],[133.809,34.462],[133.836,34.475],[133.933,34.451],[133.959,34.523],[134.003,34.511],[134.047,34.577],[133.946,34.599],[134.12,34.589],[134.243,34.696],[134.186,34.742],[134.322,34.722],[134.335,34.769],[134.253,34.852],[134.295,34.904],[134.254,34.938],[134.286,34.997],[134.264,35.017],[134.316,35.043],[134.367,35.147],[134.412,35.152],[134.38,35.211],[134.402,35.246],[134.178,35.169],[134.139,35.279],[134.008,35.308],[134.015,35.35],[133.932,35.333],[133.832,35.249],[133.745,35.32],[133.596,35.345],[133.561,35.247],[133.506,35.228],[133.526,35.183],[133.396,35.181],[133.412,35.121],[133.291,35.1],[133.267,35.052],[133.322,35.006],[133.295,34.896],[133.378,34.808],[133.358,34.733],[133.403,34.672],[133.385,34.617],[133.446,34.556],[133.446,34.483],[133.447,34.48]]],[[[133.49582,34.43126],[133.49858,34.43036],[133.49951,34.43593],[133.49582,34.43126]]],[[[133.497,34.34],[133.501,34.34],[133.503,34.336],[133.508,34.335],[133.51,34.342],[133.5,34.347],[133.498,34.35],[133.499,34.346],[133.497,34.34]]],[[[133.5,34.424],[133.506,34.424],[133.516,34.429],[133.515,34.433],[133.512,34.435],[133.511,34.432],[133.507,34.433],[133.501,34.431],[133.5,34.424]]],[[[133.505,34.404],[133.509,34.398],[133.509,34.394],[133.514,34.39],[133.519,34.395],[133.522,34.399],[133.526,34.399],[133.524,34.406],[133.526,34.411],[133.525,34.416],[133.521,34.416],[133.519,34.408],[133.514,34.41],[133.512,34.407],[133.506,34.407],[133.505,34.404]]],[[[133.51581,34.35077],[133.52257,34.34322],[133.52287,34.34757],[133.51701,34.35198],[133.51581,34.35077]]],[[[133.516,34.384],[133.559,34.367],[133.547,34.401],[133.519,34.39],[133.516,34.384]]],[[[133.52634,34.30284],[133.53345,34.2984],[133.53674,34.3005],[133.53824,34.30973],[133.53292,34.30708],[133.52701,34.30812],[133.52634,34.30284]]],[[[133.567,34.353],[133.567,34.351],[133.574,34.348],[133.581,34.351],[133.584,34.358],[133.591,34.359],[133.588,34.364],[133.581,34.362],[133.581,34.357],[133.574,34.357],[133.573,34.36],[133.567,34.353]]],[[[133.583,34.38086],[133.58569,34.37683],[133.58883,34.38122],[133.583,34.38086]]],[[[133.66889,34.48758],[133.68144,34.48741],[133.6835,34.48922],[133.68442,34.50427],[133.67469,34.50416],[133.66919,34.50203],[133.66889,34.48758]]],[[[133.70739,34.46371],[133.71044,34.4606],[133.7167,34.4611],[133.71562,34.46404],[133.71137,34.46609],[133.70739,34.46371]]],[[[133.761,34.431],[133.764,34.42],[133.77,34.419],[133.777,34.421],[133.775,34.426],[133.769,34.426],[133.764,34.427],[133.761,34.431]]],[[[133.82737,34.42276],[133.83173,34.41736],[133.83678,34.42547],[133.82737,34.42276]]],[[[133.85076,34.44917],[133.85288,34.44512],[133.85529,34.44799],[133.85334,34.45022],[133.85076,34.44917]]],[[[133.9201,34.4185],[133.92528,34.41882],[133.924,34.42168],[133.9201,34.4185]]],[[[133.98405,34.60762],[133.98577,34.60466],[133.98741,34.6081],[133.98405,34.60762]]],[[[134.008,34.498],[134.017,34.496],[134.019,34.498],[134.019,34.503],[134.024,34.507],[134.018,34.507],[134.012,34.503],[134.008,34.498]]],[[[134.09471,34.56513],[134.09824,34.56519],[134.09593,34.56814],[134.09471,34.56513]]],[[[134.09518,34.56216],[134.09719,34.55946],[134.10653,34.56075],[134.10418,34.56772],[134.1003,34.56696],[134.09924,34.56355],[134.09518,34.56216]]],[[[134.15935,34.60057],[134.15938,34.59689],[134.16321,34.59959],[134.15935,34.60057]]],[[[134.164,34.604],[134.202,34.616],[134.168,34.61],[134.164,34.604]]],[[[134.19008,34.59667],[134.20042,34.59789],[134.19997,34.60153],[134.19207,34.60048],[134.19085,34.6023],[134.19008,34.59667]]],[[[134.20122,34.60861],[134.2075,34.60979],[134.2097,34.61274],[134.20122,34.60861]]],[[[134.2119,34.72198],[134.21466,34.72017],[134.21905,34.72279],[134.21304,34.72589],[134.2119,34.72198]]],[[[134.218,34.676],[134.225,34.668],[134.229,34.671],[134.233,34.67],[134.237,34.673],[134.244,34.672],[134.245,34.679],[134.242,34.678],[134.229,34.679],[134.226,34.675],[134.224,34.677],[134.218,34.676]]],[[[134.243,34.68],[134.273,34.681],[134.25,34.684],[134.243,34.68]]],[[[134.24744,34.70991],[134.26207,34.70802],[134.26923,34.71004],[134.2647,34.714],[134.25175,34.71265],[134.24744,34.70991]]],[[[134.249,34.696],[134.258,34.69],[134.259,34.694],[134.263,34.699],[134.272,34.696],[134.271,34.7],[134.262,34.703],[134.263,34.707],[134.259,34.707],[134.25,34.706],[134.253,34.702],[134.249,34.696]]],[[[134.275,34.713],[134.347,34.71],[134.277,34.722],[134.275,34.713]]],[[[134.27974,34.70343],[134.28378,34.69857],[134.29217,34.69659],[134.28984,34.70373],[134.28629,34.70418],[134.27974,34.70343]]],[[[134.29034,34.68469],[134.29683,34.68009],[134.30251,34.68236],[134.30065,34.68647],[134.29791,34.68362],[134.29167,34.68566],[134.29034,34.68469]]],[[[134.31931,34.69674],[134.32132,34.69288],[134.32427,34.69766],[134.32153,34.6984],[134.31931,34.69674]]]]}},{"type":"Feature","properties":{"name":"広島県"},"geometry":{"type":"MultiPolygon","coordinates":[[[[132.069,34.468],[132.071,34.355],[132.125,34.334],[132.145,34.236],[132.203,34.229],[132.195,34.205],[132.246,34.211],[132.23,34.255],[132.347,34.357],[132.518,34.365],[132.492,34.339],[132.515,34.257],[132.559,34.238],[132.538,34.194],[132.596,34.231],[132.643,34.202],[132.761,34.24],[132.754,34.282],[132.788,34.278],[132.799,34.313],[132.851,34.292],[132.917,34.333],[133.074,34.343],[133.085,34.396],[133.234,34.412],[133.252,34.441],[133.274,34.419],[133.244,34.391],[133.368,34.37],[133.385,34.42],[133.441,34.436],[133.409,34.48],[133.443,34.445],[133.456,34.5],[133.385,34.617],[133.403,34.672],[133.358,34.733],[133.378,34.808],[133.295,34.896],[133.322,35.006],[133.25,35.079],[133.033,35.068],[132.991,35.101],[132.948,35.076],[132.884,35.105],[132.75,34.96],[132.634,34.905],[132.701,34.881],[132.699,34.843],[132.615,34.842],[132.538,34.795],[132.437,34.821],[132.397,34.779],[132.243,34.807],[132.222,34.75],[132.131,34.708],[132.162,34.683],[132.126,34.583],[132.036,34.501],[132.067,34.472],[132.069,34.468]]],[[[132.263,34.252],[132.303,34.244],[132.349,34.293],[132.334,34.311],[132.264,34.256],[132.263,34.252]]],[[[132.292,34.189],[132.32,34.19],[132.293,34.194],[132.292,34.189]]],[[[132.31337,34.12221],[132.31934,34.11893],[132.31785,34.12415],[132.31337,34.12221]]],[[[132.31692,34.19634],[132.3199,34.19619],[132.31966,34.20074],[132.31692,34.19634]]],[[[132.3531,34.24],[132.35766,34.23572],[132.3585,34.2379],[132.35489,34.24178],[132.3531,34.24]]],[[[132.364,34.278],[132.364,34.274],[132.371,34.276],[132.377,34.274],[132.379,34.276],[132.377,34.279],[132.371,34.28],[132.364,34.278]]],[[[132.372,34.259],[132.429,34.173],[132.457,34.178],[132.431,34.129],[132.489,34.141],[132.48,34.296],[132.434,34.279],[132.474,34.209],[132.377,34.261],[132.372,34.259]]],[[[132.382,34.172],[132.414,34.151],[132.383,34.177],[132.382,34.172]]],[[[132.415,34.301],[132.444,34.325],[132.421,34.303],[132.415,34.301]]],[[[132.41743,34.13333],[132.41804,34.12917],[132.42199,34.13515],[132.41743,34.13333]]],[[[132.42758,34.15106],[132.43167,34.14812],[132.44115,34.15145],[132.43952,34.16051],[132.43503,34.1564],[132.42988,34.15452],[132.42758,34.15106]]],[[[132.447,34.108],[132.556,34.08],[132.593,34.115],[132.539,34.108],[132.535,34.2],[132.458,34.115],[132.447,34.108]]],[[[132.45778,34.3465],[132.463,34.33996],[132.46491,34.34244],[132.46298,34.35045],[132.46002,34.35172],[132.45778,34.3465]]],[[[132.46038,34.31238],[132.46415,34.3105],[132.46303,34.31688],[132.46038,34.31238]]],[[[132.46239,34.06133],[132.46524,34.05704],[132.46602,34.06079],[132.46239,34.06133]]],[[[132.4768,34.34586],[132.48055,34.33017],[132.4866,34.33597],[132.48574,34.34396],[132.48146,34.34697],[132.4768,34.34586]]],[[[132.48209,34.03707],[132.48933,34.03793],[132.49395,34.04555],[132.48663,34.04169],[132.48209,34.03707]]],[[[132.51115,34.19284],[132.51338,34.19282],[132.51452,34.19931],[132.51115,34.19284]]],[[[132.52,34.052],[132.53,34.046],[132.535,34.049],[132.539,34.068],[132.533,34.074],[132.532,34.069],[132.53,34.069],[132.527,34.064],[132.527,34.058],[132.52,34.052]]],[[[132.541,34.069],[132.548,34.069],[132.549,34.071],[132.555,34.068],[132.559,34.072],[132.556,34.075],[132.55,34.072],[132.548,34.077],[132.55,34.079],[132.544,34.075],[132.541,34.069]]],[[[132.57,34.157],[132.573,34.155],[132.576,34.159],[132.579,34.159],[132.578,34.168],[132.574,34.166],[132.57,34.16],[132.57,34.157]]],[[[132.645,34.171],[132.684,34.188],[132.649,34.181],[132.645,34.171]]],[[[132.65155,34.15575],[132.65172,34.15084],[132.65515,34.15173],[132.65864,34.15799],[132.65621,34.15574],[132.65155,34.15575]]],[[[132.66582,34.15514],[132.66888,34.15109],[132.67255,34.15076],[132.67348,34.15949],[132.67129,34.15974],[132.67103,34.15751],[132.66582,34.15514]]],[[[132.686,34.182],[132.765,34.177],[132.689,34.188],[132.686,34.182]]],[[[132.69279,34.22262],[132.69338,34.21756],[132.70115,34.21939],[132.69699,34.22346],[132.69279,34.22262]]],[[[132.758,34.152],[132.76,34.148],[132.766,34.152],[132.769,34.151],[132.775,34.155],[132.773,34.158],[132.77,34.155],[132.758,34.152]]],[[[132.771,34.17],[132.8,34.175],[132.771,34.176],[132.771,34.17]]],[[[132.77138,34.26381],[132.7751,34.26504],[132.77442,34.26846],[132.77138,34.26381]]],[[[132.78078,34.25777],[132.78724,34.25565],[132.78788,34.26054],[132.78326,34.26125],[132.78078,34.25777]]],[[[132.78591,34.11459],[132.79524,34.11461],[132.80008,34.12122],[132.79307,34.11915],[132.79065,34.12196],[132.78591,34.11459]]],[[[132.792,34.272],[132.799,34.271],[132.803,34.269],[132.811,34.276],[132.81,34.28],[132.806,34.281],[132.792,34.277],[132.792,34.272]]],[[[132.801,34.159],[132.868,34.18],[132.806,34.161],[132.801,34.159]]],[[[132.80111,34.22571],[132.80447,34.22857],[132.80251,34.23025],[132.80111,34.22571]]],[[[132.80207,34.29453],[132.80561,34.29237],[132.80537,34.29558],[132.80207,34.29453]]],[[[132.808,34.194],[132.811,34.191],[132.81,34.187],[132.815,34.187],[132.815,34.19],[132.821,34.192],[132.819,34.197],[132.816,34.195],[132.808,34.194]]],[[[132.838,34.241],[132.856,34.208],[132.914,34.212],[132.942,34.277],[132.843,34.241],[132.838,34.241]]],[[[132.84912,34.19264],[132.85262,34.19195],[132.85272,34.19509],[132.84912,34.19264]]],[[[132.864,34.263],[132.869,34.263],[132.869,34.257],[132.875,34.255],[132.878,34.259],[132.874,34.261],[132.874,34.267],[132.87,34.271],[132.867,34.267],[132.866,34.269],[132.864,34.263]]],[[[132.88172,34.28668],[132.88453,34.28224],[132.88284,34.27938],[132.88438,34.27585],[132.88789,34.28036],[132.88365,34.29006],[132.88172,34.28668]]],[[[132.905,34.289],[132.91,34.284],[132.915,34.284],[132.914,34.28],[132.92,34.281],[132.925,34.285],[132.926,34.294],[132.924,34.298],[132.921,34.293],[132.917,34.29],[132.914,34.294],[132.916,34.3],[132.911,34.295],[132.907,34.295],[132.905,34.289]]],[[[132.90627,34.27104],[132.91024,34.27279],[132.91012,34.27853],[132.90669,34.27766],[132.90627,34.27104]]],[[[132.9357,34.28466],[132.94103,34.28298],[132.94454,34.28402],[132.94254,34.28777],[132.93728,34.28694],[132.9357,34.28466]]],[[[132.937,34.325],[132.945,34.315],[132.946,34.31],[132.949,34.31],[132.949,34.316],[132.946,34.317],[132.943,34.324],[132.937,34.325]]],[[[132.97903,34.31056],[132.98052,34.30486],[132.98211,34.30835],[132.97903,34.31056]]],[[[132.9891,34.31591],[132.99014,34.30685],[132.99388,34.30225],[132.99892,34.30783],[132.995,34.31332],[132.9891,34.31591]]],[[[133.062,34.315],[133.087,34.313],[133.066,34.326],[133.062,34.315]]],[[[133.067,34.267],[133.149,34.301],[133.089,34.313],[133.068,34.273],[133.067,34.267]]],[[[133.095,34.331],[133.122,34.326],[133.116,34.359],[133.101,34.327],[133.095,34.331]]],[[[133.09926,34.35965],[133.10445,34.36042],[133.10888,34.36687],[133.10715,34.36821],[133.10033,34.36374],[133.09926,34.35965]]],[[[133.13322,34.36078],[133.13577,34.35927],[133.13874,34.36265],[133.14493,34.36322],[133.14648,34.37064],[133.13437,34.36457],[133.13322,34.36078]]],[[[133.134,34.336],[133.196,34.275],[133.196,34.338],[133.141,34.343],[133.134,34.336]]],[[[133.13917,34.35739],[133.13947,34.35307],[133.14259,34.35616],[133.13917,34.35739]]],[[[133.152,34.381],[133.156,34.38],[133.156,34.374],[133.159,34.374],[133.165,34.376],[133.168,34.374],[133.173,34.374],[133.172,34.381],[133.168,34.387],[133.168,34.39],[133.162,34.391],[133.161,34.388],[133.154,34.386],[133.152,34.381]]],[[[133.17,34.388],[133.212,34.356],[133.239,34.398],[133.172,34.393],[133.17,34.388]]],[[[133.2382,34.37493],[133.2396,34.37231],[133.24425,34.37088],[133.2465,34.37493],[133.24193,34.37961],[133.2382,34.37493]]],[[[133.257,34.379],[133.27,34.361],[133.261,34.384],[133.257,34.379]]],[[[133.263,34.333],[133.288,34.356],[133.267,34.338],[133.263,34.333]]],[[[133.289,34.356],[133.343,34.37],[133.297,34.365],[133.289,34.356]]],[[[133.39,34.385],[133.398,34.378],[133.401,34.378],[133.404,34.383],[133.399,34.385],[133.399,34.389],[133.391,34.388],[133.39,34.385]]],[[[133.428,34.344],[133.454,34.338],[133.431,34.349],[133.428,34.344]]],[[[133.45781,34.31451],[133.46125,34.30965],[133.46383,34.31245],[133.47032,34.31077],[133.47053,34.31501],[133.46721,34.31663],[133.45781,34.31451]]]]}},{"type":"Feature","properties":{"name":"山口県"},"geometry":{"type":"MultiPolygon","coordinates":[[[[130.775,34.109],[130.8,34.093],[130.775,34.114],[130.775,34.109]]],[[[130.838,34.348],[130.88,34.363],[130.84,34.355],[130.838,34.348]]],[[[130.85994,33.97595],[130.86085,33.97064],[130.86617,33.97014],[130.86657,33.97536],[130.86875,33.97787],[130.86451,33.98091],[130.85994,33.97595]]],[[[132.246,34.211],[132.145,34.236],[132.13,34.327],[132.071,34.355],[132.064,34.469],[131.997,34.428],[132.012,34.367],[131.959,34.306],[131.92,34.338],[131.831,34.303],[131.778,34.333],[131.794,34.436],[131.697,34.435],[131.668,34.504],[131.728,34.577],[131.691,34.681],[131.645,34.642],[131.605,34.662],[131.603,34.623],[131.557,34.615],[131.539,34.563],[131.455,34.526],[131.462,34.486],[131.394,34.456],[131.416,34.428],[131.307,34.384],[131.154,34.373],[131.132,34.418],[131.02,34.411],[130.972,34.441],[130.935,34.392],[131.017,34.404],[131.035,34.371],[130.9,34.361],[130.867,34.288],[130.934,34.189],[130.861,34.111],[130.911,34.062],[130.917,33.938],[131.037,34.057],[131.169,33.997],[131.181,33.93],[131.228,33.964],[131.242,33.92],[131.356,33.966],[131.385,34.051],[131.415,34.021],[131.396,33.985],[131.423,34.016],[131.442,33.983],[131.472,34.037],[131.539,33.998],[131.753,34.071],[131.737,34.046],[131.783,34.061],[131.781,34.028],[131.827,34.03],[131.774,33.977],[131.859,34.007],[131.965,33.918],[132.056,33.921],[132.14,33.832],[132.158,33.86],[132.119,33.949],[132.213,34.002],[132.2,34.12],[132.25,34.13],[132.247,34.205],[132.246,34.211]],[[131.73385,34.04876],[131.74028,34.05403],[131.74234,34.0525],[131.7353,34.04748],[131.73385,34.04876]]],[[[130.87552,33.95063],[130.87917,33.95141],[130.87764,33.95503],[130.87552,33.95063]]],[[[130.877,33.944],[130.923,33.914],[130.917,33.951],[130.877,33.949],[130.877,33.944]]],[[[130.8896,33.98647],[130.89831,33.98494],[130.89787,33.99096],[130.89448,33.99373],[130.89013,33.99003],[130.8896,33.98647]]],[[[130.89743,34.17915],[130.89794,34.17639],[130.90183,34.18018],[130.89743,34.17915]]],[[[130.89851,34.17012],[130.90501,34.17054],[130.90594,34.17258],[130.9013,34.17657],[130.89851,34.17012]]],[[[130.92892,33.93657],[130.93069,33.93087],[130.93185,33.93428],[130.92892,33.93657]]],[[[130.96417,34.35949],[130.96619,34.35826],[130.97255,34.36113],[130.97418,34.36383],[130.96678,34.36298],[130.96417,34.35949]]],[[[131.128,34.787],[131.161,34.764],[131.129,34.794],[131.128,34.787]]],[[[131.168,34.429],[131.204,34.398],[131.261,34.426],[131.173,34.432],[131.168,34.429]]],[[[131.25274,34.39039],[131.25753,34.3939],[131.255,34.39415],[131.25274,34.39039]]],[[[131.26603,34.41491],[131.26819,34.41006],[131.27387,34.41166],[131.26762,34.41845],[131.26603,34.41491]]],[[[131.271,34.508],[131.276,34.498],[131.279,34.497],[131.28,34.502],[131.291,34.505],[131.294,34.511],[131.29,34.513],[131.283,34.512],[131.278,34.518],[131.276,34.517],[131.271,34.508]]],[[[131.31698,34.42775],[131.32208,34.42717],[131.31899,34.43286],[131.31698,34.42775]]],[[[131.33825,34.5004],[131.34106,34.49809],[131.34608,34.49942],[131.34369,34.50367],[131.34012,34.50352],[131.33825,34.5004]]],[[[131.3739,34.46415],[131.37691,34.46175],[131.38009,34.46293],[131.37589,34.46674],[131.3739,34.46415]]],[[[131.37551,34.48463],[131.37713,34.48167],[131.38203,34.48517],[131.38067,34.48785],[131.37551,34.48463]]],[[[131.38399,34.51629],[131.38654,34.51244],[131.3903,34.51344],[131.39225,34.52148],[131.38945,34.52371],[131.38414,34.52098],[131.38399,34.51629]]],[[[131.401,34.495],[131.408,34.489],[131.41,34.492],[131.419,34.494],[131.419,34.503],[131.415,34.507],[131.416,34.512],[131.412,34.513],[131.408,34.513],[131.403,34.506],[131.401,34.495]]],[[[131.47723,34.5752],[131.47884,34.57203],[131.4807,34.57519],[131.47723,34.5752]]],[[[131.556,33.995],[131.601,34.015],[131.558,33.998],[131.556,33.995]]],[[[131.689,33.942],[131.695,33.935],[131.7,33.939],[131.697,33.946],[131.697,33.95],[131.695,33.943],[131.692,33.945],[131.689,33.942]]],[[[131.691,34.008],[131.733,33.983],[131.709,34.035],[131.697,34.009],[131.691,34.008]]],[[[131.726,34.028],[131.78,34.049],[131.728,34.034],[131.726,34.028]]],[[[131.73266,33.98034],[131.73753,33.97915],[131.73644,33.98206],[131.73266,33.98034]]],[[[131.75875,33.9809],[131.76307,33.97468],[131.76892,33.98003],[131.75992,33.9835],[131.75875,33.9809]]],[[[131.79412,34.02276],[131.79578,34.01955],[131.79797,34.02416],[131.79412,34.02276]]],[[[131.806,33.946],[131.877,33.971],[131.857,33.99],[131.849,33.952],[131.808,33.952],[131.806,33.946]]],[[[131.92736,33.93962],[131.93152,33.93689],[131.92744,33.94311],[131.92736,33.93962]]],[[[131.9304,33.78983],[131.93818,33.78703],[131.9393,33.79227],[131.9342,33.79498],[131.93088,33.79398],[131.9304,33.78983]]],[[[131.947,33.781],[131.993,33.78],[131.952,33.782],[131.947,33.781]]],[[[131.998,33.857],[132.024,33.852],[131.998,33.861],[131.998,33.857]]],[[[132.02537,33.7364],[132.03003,33.73619],[132.0304,33.74014],[132.02537,33.7364]]],[[[132.028,33.793],[132.118,33.83],[132.071,33.858],[132.078,33.827],[132.031,33.796],[132.028,33.793]]],[[[132.041,33.896],[132.047,33.894],[132.05,33.887],[132.054,33.89],[132.052,33.895],[132.049,33.899],[132.044,33.901],[132.041,33.896]]],[[[132.05115,33.77174],[132.05489,33.77549],[132.0525,33.77961],[132.05115,33.77174]]],[[[132.05588,33.88814],[132.05727,33.88434],[132.05891,33.88742],[132.05588,33.88814]]],[[[132.057,33.879],[132.058,33.875],[132.061,33.874],[132.062,33.867],[132.068,33.868],[132.07,33.871],[132.069,33.875],[132.065,33.878],[132.066,33.884],[132.063,33.884],[132.057,33.879]]],[[[132.11661,33.81979],[132.11957,33.81874],[132.12114,33.8124],[132.12243,33.81605],[132.11929,33.82376],[132.11661,33.81979]]],[[[132.127,33.719],[132.151,33.764],[132.13,33.722],[132.127,33.719]]],[[[132.15391,33.94099],[132.15665,33.93761],[132.16357,33.93947],[132.16884,33.94523],[132.16646,33.94733],[132.15672,33.94588],[132.15391,33.94099]]],[[[132.172,33.804],[132.274,33.781],[132.178,33.808],[132.172,33.804]]],[[[132.173,33.924],[132.208,33.857],[132.286,33.902],[132.332,33.858],[132.372,33.864],[132.376,33.914],[132.471,33.948],[132.417,33.953],[132.335,33.902],[132.234,33.968],[132.176,33.931],[132.173,33.924]]],[[[132.17825,33.84636],[132.18416,33.84418],[132.18506,33.84861],[132.18056,33.84972],[132.17825,33.84636]]],[[[132.20067,33.84646],[132.20329,33.84929],[132.20071,33.85057],[132.20067,33.84646]]],[[[132.24928,33.81393],[132.25177,33.80666],[132.25541,33.80779],[132.25887,33.81625],[132.25595,33.81736],[132.24928,33.81393]]],[[[132.258,34.007],[132.258,34.003],[132.265,34.001],[132.264,33.996],[132.269,33.995],[132.272,33.996],[132.272,34.001],[132.268,34],[132.27,34.004],[132.267,34.009],[132.264,34.01],[132.258,34.007]]],[[[132.30832,33.86466],[132.31326,33.86223],[132.31471,33.86758],[132.30832,33.86466]]],[[[132.31934,34.11893],[132.31337,34.12221],[132.31305,34.11882],[132.31934,34.11893]]],[[[132.32884,33.99385],[132.33169,33.99114],[132.33564,33.99446],[132.33107,34.00363],[132.32884,33.99385]]],[[[132.336,33.95],[132.338,33.947],[132.343,33.948],[132.349,33.946],[132.353,33.939],[132.357,33.941],[132.354,33.945],[132.355,33.952],[132.35,33.961],[132.348,33.959],[132.344,33.959],[132.338,33.955],[132.339,33.953],[132.336,33.95]]],[[[132.34374,33.97169],[132.34811,33.97001],[132.35101,33.96137],[132.35553,33.96711],[132.34873,33.97379],[132.34374,33.97169]]],[[[132.34952,33.98648],[132.35379,33.98751],[132.35296,33.98975],[132.34952,33.98648]]],[[[132.354,33.855],[132.361,33.852],[132.363,33.848],[132.368,33.847],[132.373,33.848],[132.373,33.851],[132.37,33.853],[132.365,33.851],[132.359,33.859],[132.354,33.855]]],[[[132.376,34.037],[132.383,34.034],[132.383,34.028],[132.386,34.027],[132.389,34.033],[132.386,34.034],[132.387,34.037],[132.391,34.039],[132.392,34.043],[132.387,34.039],[132.383,34.042],[132.381,34.038],[132.376,34.037]]],[[[132.38775,33.78048],[132.39321,33.7774],[132.39245,33.78092],[132.38802,33.78296],[132.38775,33.78048]]],[[[132.39113,34.05643],[132.39857,34.05433],[132.39973,34.0571],[132.39538,34.0601],[132.39113,34.05643]]],[[[132.392,33.808],[132.394,33.802],[132.399,33.803],[132.4,33.807],[132.398,33.811],[132.401,33.815],[132.395,33.811],[132.392,33.808]]],[[[132.402,34.023],[132.427,34.011],[132.403,34.027],[132.402,34.023]]],[[[132.41681,34.03501],[132.42226,34.03216],[132.42702,34.03348],[132.41994,34.03734],[132.41681,34.03501]]],[[[132.454,33.921],[132.461,33.92],[132.465,33.915],[132.467,33.918],[132.463,33.92],[132.463,33.924],[132.455,33.927],[132.454,33.921]]],[[[132.459,33.964],[132.47,33.959],[132.474,33.954],[132.478,33.954],[132.481,33.959],[132.473,33.963],[132.471,33.967],[132.47,33.964],[132.465,33.963],[132.459,33.964]]],[[[132.48581,33.95627],[132.48866,33.95306],[132.49212,33.95601],[132.49133,33.95847],[132.48581,33.95627]]]]}},{"type":"Feature","properties":{"name":"徳島県"},"geometry":{"type":"MultiPolygon","coordinates":[[[[133.661,33.882],[133.747,33.837],[133.839,33.845],[133.914,33.791],[133.961,33.835],[134.033,33.828],[134.058,33.691],[134.175,33.684],[134.184,33.649],[134.149,33.627],[134.193,33.562],[134.314,33.546],[134.396,33.656],[134.75,33.835],[134.629,33.857],[134.706,33.926],[134.64,34.007],[134.608,33.983],[134.592,34.008],[134.642,34.178],[134.586,34.201],[134.586,34.24],[134.44,34.208],[134.413,34.157],[134.35,34.185],[134.169,34.174],[134.123,34.119],[134.05,34.117],[133.994,34.073],[133.932,34.116],[133.778,34.079],[133.68,34.013],[133.691,33.916],[133.662,33.886],[133.661,33.882]]],[[[134.31617,33.54505],[134.32002,33.53956],[134.32385,33.54022],[134.32276,33.5443],[134.31846,33.54813],[134.31617,33.54505]]],[[[134.39505,33.65045],[134.39506,33.65044],[134.39506,33.65045],[134.39505,33.65045]]],[[[134.39673,33.65283],[134.39674,33.65281],[134.39675,33.65281],[134.39673,33.65283]]],[[[134.39893,33.65622],[134.39894,33.65622],[134.39893,33.65623],[134.39893,33.65622]]],[[[134.42175,33.63776],[134.42181,33.63057],[134.42459,33.62886],[134.42459,33.62887],[134.42611,33.63005],[134.42667,33.63522],[134.42175,33.63776]]],[[[134.481,33.637],[134.483,33.633],[134.487,33.633],[134.496,33.63],[134.502,33.635],[134.505,33.641],[134.496,33.638],[134.493,33.642],[134.49,33.641],[134.486,33.645],[134.483,33.642],[134.487,33.637],[134.481,33.637]]],[[[134.588,34.207],[134.625,34.187],[134.644,34.24],[134.589,34.211],[134.588,34.207]]],[[[134.588,34.231],[134.616,34.248],[134.592,34.237],[134.588,34.231]]],[[[134.59024,34.05092],[134.59067,34.04525],[134.59377,34.04449],[134.59611,34.04932],[134.59024,34.05092]]],[[[134.5904,33.76159],[134.59248,33.75863],[134.59313,33.7635],[134.5904,33.76159]]],[[[134.591,34.056],[134.598,34.053],[134.6,34.057],[134.603,34.056],[134.607,34.062],[134.599,34.067],[134.6,34.068],[134.597,34.067],[134.591,34.056]]],[[[134.646,33.859],[134.649,33.854],[134.654,33.854],[134.659,33.861],[134.664,33.861],[134.662,33.865],[134.657,33.868],[134.653,33.868],[134.654,33.864],[134.648,33.864],[134.646,33.859]]],[[[134.67266,33.86779],[134.67284,33.85987],[134.67765,33.86198],[134.67976,33.86968],[134.67585,33.86562],[134.67266,33.86779]]],[[[134.7096,33.85278],[134.71452,33.85605],[134.71034,33.85778],[134.7096,33.85278]]],[[[134.73136,33.84757],[134.74184,33.85035],[134.74081,33.8526],[134.7342,33.85033],[134.73136,33.84757]]],[[[134.79247,33.8462],[134.79678,33.84594],[134.79866,33.84254],[134.80205,33.84369],[134.79702,33.84864],[134.79247,33.8462]]],[[[134.80251,33.84363],[134.80257,33.8393],[134.80503,33.84007],[134.80251,33.84363]]],[[[134.806,33.843],[134.809,33.84],[134.819,33.843],[134.816,33.846],[134.819,33.848],[134.82,33.858],[134.812,33.851],[134.809,33.85],[134.806,33.843]]]]}},{"type":"Feature","properties":{"name":"香川県"},"geometry":{"type":"MultiPolygon","coordinates":[[[[133.44656,34.10749],[133.45012,34.10721],[133.4485,34.11029],[133.44656,34.10749]]],[[[133.527,34.137],[133.532,34.125],[133.539,34.126],[133.542,34.129],[133.54,34.133],[133.535,34.132],[133.531,34.136],[133.527,34.137]]],[[[133.599,34.044],[133.709,34.015],[133.854,34.104],[133.94,34.115],[133.994,34.073],[134.05,34.117],[134.123,34.119],[134.169,34.174],[134.35,34.185],[134.413,34.157],[134.44,34.208],[134.378,34.262],[134.26,34.284],[134.266,34.337],[134.211,34.369],[134.166,34.326],[134.136,34.4],[134.079,34.35],[133.928,34.39],[133.866,34.328],[133.83,34.333],[133.858,34.357],[133.819,34.352],[133.827,34.32],[133.674,34.222],[133.673,34.247],[133.56,34.264],[133.648,34.194],[133.612,34.045],[133.599,34.044]]],[[[133.617,34.259],[133.656,34.281],[133.619,34.263],[133.617,34.259]]],[[[133.617,34.351],[133.628,34.331],[133.632,34.339],[133.623,34.35],[133.621,34.354],[133.617,34.351]]],[[[133.62193,34.20144],[133.63106,34.19723],[133.63056,34.20017],[133.62529,34.20353],[133.62193,34.20144]]],[[[133.63921,34.33706],[133.64098,34.33348],[133.64658,34.33428],[133.64523,34.3368],[133.63921,34.33706]]],[[[133.64291,34.37695],[133.64692,34.37734],[133.64799,34.37414],[133.65363,34.37513],[133.64946,34.38328],[133.64291,34.37695]]],[[[133.651,34.409],[133.665,34.383],[133.659,34.406],[133.651,34.409]]],[[[133.662,34.324],[133.664,34.318],[133.671,34.308],[133.68,34.306],[133.683,34.31],[133.68,34.317],[133.664,34.326],[133.662,34.324]]],[[[133.67,34.272],[133.672,34.269],[133.676,34.269],[133.681,34.267],[133.684,34.27],[133.682,34.273],[133.675,34.275],[133.67,34.272]]],[[[133.685,34.361],[133.73,34.375],[133.71,34.399],[133.686,34.365],[133.685,34.361]]],[[[133.752,34.395],[133.763,34.369],[133.795,34.388],[133.753,34.399],[133.752,34.395]]],[[[133.77408,34.3574],[133.78063,34.35616],[133.78645,34.35754],[133.78542,34.36408],[133.77967,34.3655],[133.77619,34.36448],[133.77408,34.3574]]],[[[133.77527,34.41429],[133.78399,34.41249],[133.78024,34.41517],[133.77527,34.41429]]],[[[133.7786,34.40285],[133.77918,34.40138],[133.78934,34.4035],[133.78397,34.40723],[133.7786,34.40285]]],[[[133.796,34.425],[133.8,34.422],[133.8,34.418],[133.808,34.414],[133.805,34.417],[133.809,34.421],[133.805,34.427],[133.796,34.425]]],[[[133.80751,34.40533],[133.81129,34.40427],[133.81207,34.40868],[133.80751,34.40533]]],[[[133.812,34.392],[133.814,34.386],[133.819,34.383],[133.822,34.383],[133.824,34.39],[133.82,34.395],[133.815,34.394],[133.812,34.392]]],[[[133.82801,34.38973],[133.8316,34.38694],[133.83279,34.38914],[133.82946,34.39496],[133.82801,34.38973]]],[[[133.9201,34.4185],[133.92342,34.41666],[133.92528,34.41882],[133.9201,34.4185]]],[[[133.92168,34.39279],[133.92439,34.39186],[133.92256,34.39651],[133.92168,34.39279]]],[[[133.95059,34.47399],[133.95487,34.47109],[133.95489,34.46824],[133.95868,34.46845],[133.95825,34.47187],[133.9537,34.47782],[133.95059,34.47399]]],[[[133.95638,34.46056],[133.958,34.45471],[133.96761,34.45446],[133.96547,34.46184],[133.96091,34.45874],[133.95638,34.46056]]],[[[133.965,34.476],[134.012,34.451],[133.97,34.478],[133.965,34.476]]],[[[133.96965,34.50997],[133.96979,34.5038],[133.97634,34.50642],[133.97363,34.51252],[133.96965,34.50997]]],[[[133.97109,34.49579],[133.97332,34.49893],[133.97184,34.50211],[133.97109,34.49579]]],[[[133.97164,34.47475],[133.97626,34.47551],[133.97754,34.47831],[133.97234,34.48051],[133.97164,34.47475]]],[[[133.97423,34.49875],[133.97911,34.50091],[133.97795,34.5042],[133.97423,34.49875]]],[[[133.97678,34.49187],[133.97998,34.48819],[133.98317,34.48863],[133.98407,34.49205],[133.98003,34.49249],[133.97906,34.4951],[133.97678,34.49187]]],[[[133.98928,34.4795],[133.99468,34.48375],[133.99408,34.48682],[133.98968,34.48437],[133.98928,34.4795]]],[[[133.99183,34.4776],[133.9976,34.47061],[134.00019,34.47576],[133.99594,34.47776],[133.99183,34.4776]]],[[[133.99266,34.35884],[133.99611,34.35623],[133.99991,34.35833],[133.99451,34.36322],[133.99266,34.35884]]],[[[133.99877,34.47007],[134.00018,34.46182],[134.00436,34.46203],[134.00996,34.47128],[134.00416,34.46918],[134.00435,34.47318],[133.99877,34.47007]]],[[[134.00378,34.44006],[134.00712,34.43556],[134.01019,34.43592],[134.01363,34.44229],[134.00781,34.44212],[134.00378,34.44006]]],[[[134.008,34.498],[134.01,34.495],[134.011,34.487],[134.014,34.487],[134.015,34.481],[134.02,34.478],[134.022,34.479],[134.02,34.484],[134.022,34.492],[134.023,34.503],[134.024,34.507],[134.019,34.503],[134.019,34.498],[134.017,34.496],[134.008,34.498]]],[[[134.036,34.383],[134.054,34.409],[134.044,34.396],[134.043,34.393],[134.037,34.387],[134.036,34.383]]],[[[134.036,34.483],[134.081,34.459],[134.105,34.487],[134.041,34.483],[134.036,34.483]]],[[[134.05379,34.42407],[134.05583,34.4178],[134.06473,34.42227],[134.06577,34.42919],[134.0626,34.43322],[134.05807,34.43208],[134.05379,34.42407]]],[[[134.099,34.401],[134.108,34.401],[134.112,34.405],[134.108,34.409],[134.105,34.415],[134.104,34.413],[134.106,34.407],[134.099,34.401]]],[[[134.108,34.475],[134.117,34.472],[134.125,34.476],[134.127,34.482],[134.122,34.48],[134.12,34.481],[134.109,34.479],[134.108,34.475]]],[[[134.12257,34.41627],[134.12685,34.41652],[134.12624,34.42115],[134.12257,34.41627]]],[[[134.142,34.47],[134.192,34.481],[134.145,34.479],[134.142,34.47]]],[[[134.14479,34.52031],[134.14483,34.51745],[134.14957,34.51612],[134.15263,34.51823],[134.15119,34.52071],[134.14479,34.52031]]],[[[134.15615,34.51746],[134.16245,34.51888],[134.16469,34.5221],[134.15703,34.51938],[134.15615,34.51746]]],[[[134.159,34.506],[134.233,34.476],[134.231,34.416],[134.296,34.48],[134.315,34.459],[134.278,34.447],[134.338,34.433],[134.367,34.561],[134.166,34.515],[134.159,34.506]]],[[[134.17242,34.393],[134.17618,34.39037],[134.17545,34.39574],[134.17361,34.39776],[134.17242,34.393]]],[[[134.18459,34.47013],[134.18499,34.46687],[134.19039,34.47078],[134.18947,34.47282],[134.18459,34.47013]]],[[[134.29758,34.47536],[134.30103,34.47417],[134.29899,34.47787],[134.29758,34.47536]]],[[[134.34527,34.44006],[134.34916,34.43678],[134.34976,34.43891],[134.34527,34.44006]]]]}},{"type":"Feature","properties":{"name":"愛媛県"},"geometry":{"type":"MultiPolygon","coordinates":[[[[132.656,32.925],[132.692,32.974],[132.619,33.181],[132.696,33.138],[132.775,33.206],[132.793,33.275],[132.901,33.321],[132.811,33.466],[133.015,33.481],[133.064,33.543],[133.075,33.651],[133.117,33.66],[133.193,33.794],[133.661,33.882],[133.691,33.916],[133.678,34.018],[133.599,34.044],[133.515,33.971],[133.281,33.99],[133.119,33.925],[132.942,34.142],[132.891,34.118],[132.926,34.109],[132.918,34.065],[132.766,33.998],[132.755,33.911],[132.701,33.887],[132.7,33.763],[132.648,33.693],[132.48,33.619],[132.259,33.45],[132.157,33.44],[132.165,33.411],[132.117,33.418],[132.018,33.348],[132.094,33.387],[132.13,33.364],[132.3,33.475],[132.421,33.463],[132.384,33.442],[132.397,33.441],[132.399,33.442],[132.416,33.443],[132.379,33.385],[132.385,33.362],[132.419,33.383],[132.419,33.354],[132.371,33.318],[132.522,33.316],[132.468,33.256],[132.542,33.272],[132.52,33.25],[132.558,33.22],[132.488,33.198],[132.515,33.172],[132.487,33.164],[132.459,33.211],[132.395,33.206],[132.465,33.172],[132.432,33.169],[132.441,33.138],[132.503,33.13],[132.447,33.124],[132.484,33.057],[132.404,33.069],[132.379,33.023],[132.418,33.058],[132.485,33.046],[132.511,32.977],[132.553,32.963],[132.47,32.969],[132.503,32.956],[132.46,32.938],[132.476,32.905],[132.522,32.908],[132.512,32.95],[132.602,32.948],[132.599,32.913],[132.651,32.928],[132.656,32.925]]],[[[132.26019,33.18923],[132.26659,33.18867],[132.26171,33.19071],[132.26019,33.18923]]],[[[132.262,33.184],[132.293,33.169],[132.266,33.184],[132.262,33.184]]],[[[132.287,33.161],[132.315,33.151],[132.289,33.163],[132.287,33.161]]],[[[132.31806,33.10208],[132.3249,33.10247],[132.33694,33.10642],[132.33247,33.10961],[132.31871,33.10701],[132.31806,33.10208]]],[[[132.325,33.154],[132.331,33.155],[132.338,33.159],[132.345,33.16],[132.338,33.161],[132.333,33.158],[132.326,33.156],[132.325,33.154]]],[[[132.3359,33.39268],[132.33949,33.38378],[132.34129,33.3844],[132.34601,33.39575],[132.34216,33.396],[132.3359,33.39268]]],[[[132.34348,33.45414],[132.34842,33.45278],[132.3521,33.45503],[132.35244,33.45824],[132.34644,33.45862],[132.34348,33.45414]]],[[[132.344,33.381],[132.344,33.378],[132.348,33.373],[132.356,33.374],[132.358,33.369],[132.365,33.376],[132.358,33.378],[132.35,33.378],[132.345,33.379],[132.344,33.381]]],[[[132.346,33.206],[132.383,33.212],[132.349,33.209],[132.346,33.206]]],[[[132.35761,33.2283],[132.36469,33.22394],[132.36415,33.22961],[132.3619,33.23202],[132.35761,33.2283]]],[[[132.36629,33.18619],[132.36952,33.18152],[132.37173,33.18238],[132.37477,33.1834],[132.3726,33.18599],[132.36629,33.18619]]],[[[132.39378,33.16575],[132.3944,33.16288],[132.39725,33.16327],[132.39725,33.16328],[132.39731,33.16762],[132.39378,33.16575]]],[[[132.39829,33.179],[132.40535,33.18181],[132.40413,33.18278],[132.39894,33.18232],[132.39829,33.179]]],[[[132.40257,32.93427],[132.40695,32.93492],[132.40506,32.93762],[132.40537,32.94617],[132.40358,32.94437],[132.40257,32.93427]]],[[[132.409,33.106],[132.412,33.102],[132.415,33.102],[132.418,33.106],[132.416,33.11],[132.423,33.113],[132.422,33.114],[132.412,33.11],[132.409,33.106]]],[[[132.437,32.944],[132.438,32.941],[132.445,32.941],[132.45,32.944],[132.454,32.942],[132.458,32.945],[132.459,32.95],[132.455,32.952],[132.453,32.949],[132.447,32.948],[132.442,32.944],[132.437,32.944]]],[[[132.47502,33.73289],[132.49061,33.73672],[132.48425,33.73905],[132.47643,33.73703],[132.47502,33.73289]]],[[[132.47722,33.21403],[132.48431,33.21644],[132.48813,33.21507],[132.49148,33.22015],[132.48528,33.21664],[132.48383,33.21958],[132.47722,33.21403]]],[[[132.47946,33.23819],[132.4806,33.23599],[132.48552,33.23552],[132.47946,33.23819]]],[[[132.493,33.965],[132.523,33.989],[132.493,33.971],[132.493,33.965]]],[[[132.508,33.228],[132.534,33.224],[132.509,33.231],[132.508,33.228]]],[[[132.516,33.933],[132.554,33.936],[132.521,33.935],[132.516,33.933]]],[[[132.517,33.851],[132.526,33.852],[132.53,33.845],[132.534,33.848],[132.534,33.853],[132.528,33.855],[132.523,33.852],[132.518,33.854],[132.517,33.851]]],[[[132.51807,33.99541],[132.51828,33.99173],[132.52198,33.99145],[132.51807,33.99541]]],[[[132.534,33.969],[132.567,33.995],[132.537,33.971],[132.534,33.969]]],[[[132.578,33.969],[132.642,33.957],[132.653,34.014],[132.579,33.97],[132.578,33.969]]],[[[132.58785,34.02479],[132.59476,34.02683],[132.59587,34.03142],[132.59022,34.02898],[132.58785,34.02479]]],[[[132.63696,33.89362],[132.64016,33.8875],[132.64325,33.88627],[132.64611,33.89088],[132.6389,33.89472],[132.63696,33.89362]]],[[[132.649,33.961],[132.675,33.952],[132.652,33.967],[132.649,33.961]]],[[[132.653,33.899],[132.69,33.876],[132.702,33.927],[132.659,33.906],[132.653,33.899]]],[[[132.683,33.973],[132.686,33.965],[132.698,33.966],[132.693,33.974],[132.694,33.976],[132.69,33.977],[132.69,33.974],[132.687,33.972],[132.683,33.973]]],[[[132.70163,34.06571],[132.70543,34.06966],[132.71153,34.06905],[132.71027,34.07252],[132.70489,34.07221],[132.70163,34.06571]]],[[[132.76224,33.97283],[132.76722,33.97304],[132.76557,33.97645],[132.76224,33.97283]]],[[[132.863,34.194],[132.893,34.184],[132.87,34.194],[132.863,34.194]]],[[[132.89604,34.18734],[132.89849,34.18547],[132.90719,34.18901],[132.90511,34.19425],[132.8982,34.19102],[132.89604,34.18734]]],[[[132.918,34.189],[132.923,34.184],[132.934,34.183],[132.93,34.193],[132.924,34.202],[132.919,34.199],[132.919,34.194],[132.923,34.189],[132.918,34.189]]],[[[132.93068,34.20095],[132.9323,34.19901],[132.9372,34.20032],[132.93649,34.20558],[132.93068,34.20095]]],[[[132.93577,34.18802],[132.9411,34.18776],[132.94262,34.19086],[132.93689,34.19008],[132.93577,34.18802]]],[[[132.942,34.204],[133.05,34.214],[133.057,34.258],[132.986,34.291],[132.965,34.264],[132.991,34.225],[132.943,34.209],[132.942,34.204]]],[[[132.943,34.243],[132.949,34.242],[132.952,34.244],[132.957,34.243],[132.956,34.247],[132.95,34.249],[132.948,34.244],[132.943,34.243]]],[[[132.97341,34.12224],[132.98071,34.12321],[132.98398,34.12836],[132.98181,34.12891],[132.97605,34.12722],[132.97341,34.12224]]],[[[132.99,34.154],[132.992,34.15],[132.996,34.15],[133.006,34.147],[133.009,34.148],[133.011,34.153],[133.003,34.154],[132.998,34.159],[132.99,34.154]]],[[[132.9906,34.1177],[132.99258,34.11294],[132.99497,34.11283],[132.99535,34.11786],[132.99362,34.12202],[132.9906,34.1177]]],[[[133.00671,34.12346],[133.00879,34.12049],[133.0114,34.12197],[133.00671,34.12346]]],[[[133.00847,34.14667],[133.00953,34.14214],[133.01172,34.14443],[133.00847,34.14667]]],[[[133.013,34.114],[133.112,34.178],[133.03,34.193],[133.015,34.117],[133.013,34.114]]],[[[133.054,34.212],[133.111,34.191],[133.14,34.221],[133.108,34.242],[133.057,34.215],[133.054,34.212]]],[[[133.07209,34.19592],[133.077,34.19348],[133.07579,34.19623],[133.07209,34.19592]]],[[[133.08243,34.18527],[133.0853,34.18148],[133.09341,34.18775],[133.09429,34.19189],[133.09051,34.19188],[133.08834,34.19487],[133.08243,34.18527]]],[[[133.09091,34.02287],[133.09526,34.0191],[133.09892,34.02425],[133.09091,34.02287]]],[[[133.09613,34.0583],[133.10506,34.05647],[133.10347,34.05868],[133.0967,34.06124],[133.09613,34.0583]]],[[[133.131,34.256],[133.166,34.26],[133.132,34.265],[133.131,34.256]]],[[[133.148,34.222],[133.148,34.217],[133.153,34.218],[133.154,34.223],[133.157,34.225],[133.158,34.231],[133.154,34.229],[133.153,34.225],[133.148,34.222]]],[[[133.15,34.24],[133.152,34.233],[133.158,34.235],[133.161,34.233],[133.167,34.234],[133.172,34.242],[133.168,34.245],[133.164,34.246],[133.154,34.244],[133.15,34.24]]],[[[133.15511,34.12308],[133.1586,34.11795],[133.15946,34.12418],[133.15511,34.12308]]],[[[133.16104,34.28707],[133.16431,34.28758],[133.16267,34.29079],[133.16104,34.28707]]],[[[133.167,34.273],[133.187,34.26],[133.169,34.276],[133.167,34.273]]],[[[133.176,34.231],[133.193,34.257],[133.183,34.232],[133.176,34.231]]],[[[133.178,34.108],[133.183,34.108],[133.183,34.103],[133.188,34.103],[133.191,34.108],[133.187,34.108],[133.185,34.111],[133.181,34.112],[133.178,34.108]]],[[[133.18078,34.11599],[133.18776,34.11667],[133.18622,34.11995],[133.19136,34.12336],[133.18409,34.12236],[133.18078,34.11599]]],[[[133.199,34.269],[133.206,34.238],[133.237,34.281],[133.204,34.271],[133.199,34.269]]],[[[133.25,34.23],[133.256,34.229],[133.263,34.231],[133.263,34.234],[133.26,34.236],[133.257,34.232],[133.251,34.232],[133.25,34.23]]],[[[133.265,34.197],[133.266,34.186],[133.268,34.182],[133.276,34.184],[133.276,34.19],[133.273,34.193],[133.272,34.2],[133.27,34.197],[133.265,34.197]]],[[[133.307,34.18],[133.311,34.178],[133.315,34.174],[133.316,34.17],[133.322,34.173],[133.328,34.173],[133.328,34.179],[133.324,34.181],[133.321,34.179],[133.313,34.181],[133.309,34.184],[133.307,34.18]]],[[[133.351,33.996],[133.36,33.993],[133.361,33.99],[133.368,33.994],[133.37,33.998],[133.369,34.002],[133.37,34.006],[133.367,34.008],[133.36,34.004],[133.355,34.005],[133.351,34.002],[133.351,33.996]]],[[[133.3588,34.17009],[133.3632,34.16294],[133.36603,34.16648],[133.365,34.16956],[133.35954,34.17404],[133.3588,34.17009]]]]}},{"type":"Feature","properties":{"name":"高知県"},"geometry":{"type":"MultiPolygon","coordinates":[[[[132.48,32.8],[132.482,32.796],[132.497,32.799],[132.494,32.8],[132.5,32.805],[132.495,32.805],[132.487,32.808],[132.486,32.804],[132.48,32.8]]],[[[132.48324,32.73549],[132.48568,32.73424],[132.49275,32.7374],[132.49383,32.74034],[132.48982,32.74355],[132.48324,32.73549]]],[[[132.535,32.73],[132.57,32.714],[132.546,32.755],[132.54,32.73],[132.535,32.73]]],[[[132.59836,32.7452],[132.60342,32.74479],[132.60153,32.74841],[132.59836,32.7452]]],[[[132.656,32.925],[132.708,32.926],[132.721,32.878],[132.658,32.856],[132.632,32.762],[132.711,32.799],[132.791,32.748],[132.862,32.791],[132.87,32.766],[132.935,32.787],[132.966,32.729],[133.019,32.724],[133.002,32.787],[132.95,32.821],[132.951,32.86],[133.009,32.881],[133.008,33.009],[133.044,33.039],[133.094,33.024],[133.168,33.148],[133.224,33.154],[133.211,33.184],[133.264,33.257],[133.231,33.324],[133.288,33.403],[133.319,33.356],[133.346,33.401],[133.456,33.42],[133.351,33.418],[133.573,33.495],[133.553,33.541],[133.564,33.501],[133.738,33.538],[133.937,33.486],[134.176,33.243],[134.212,33.401],[134.307,33.553],[134.193,33.562],[134.149,33.627],[134.184,33.649],[134.175,33.684],[134.058,33.691],[134.033,33.828],[133.961,33.835],[133.914,33.791],[133.839,33.845],[133.747,33.837],[133.643,33.883],[133.54,33.879],[133.499,33.829],[133.277,33.831],[133.25,33.788],[133.193,33.794],[133.117,33.66],[133.075,33.651],[133.064,33.543],[133.015,33.481],[132.807,33.461],[132.901,33.321],[132.793,33.275],[132.775,33.206],[132.696,33.138],[132.619,33.181],[132.692,32.974],[132.656,32.932],[132.656,32.925]]],[[[132.61813,32.76612],[132.62995,32.76752],[132.62632,32.76946],[132.62936,32.77246],[132.6204,32.77137],[132.61813,32.76612]]],[[[132.65459,32.91735],[132.65561,32.91373],[132.66062,32.91663],[132.65802,32.91836],[132.65459,32.91735]]],[[[132.66295,32.91772],[132.66617,32.91721],[132.6637,32.92107],[132.66295,32.91772]]],[[[132.68797,32.91851],[132.6893,32.91279],[132.69604,32.91018],[132.70147,32.91193],[132.70515,32.9163],[132.69585,32.91873],[132.68797,32.91851]]],[[[133.29759,33.36149],[133.29826,33.35888],[133.30275,33.35888],[133.30175,33.36422],[133.29759,33.36149]]],[[[133.30432,33.35746],[133.31111,33.35619],[133.30823,33.35869],[133.30432,33.35746]]],[[[133.31993,33.35266],[133.32244,33.34757],[133.3242,33.35029],[133.31993,33.35266]]],[[[133.44116,33.44428],[133.44861,33.44826],[133.44427,33.44793],[133.44116,33.44428]]]]}},{"type":"Feature","properties":{"name":"福岡県"},"geometry":{"type":"MultiPolygon","coordinates":[[[[130.03299,33.8665],[130.03696,33.8623],[130.0386,33.86877],[130.0363,33.87412],[130.03299,33.8665]]],[[[130.039,33.47],[130.277,33.479],[130.411,33.395],[130.536,33.439],[130.536,33.343],[130.48,33.331],[130.45,33.265],[130.427,33.289],[130.34,33.205],[130.425,33.053],[130.397,33],[130.506,33.003],[130.497,33.052],[130.58,33.116],[130.66,33.109],[130.68,33.171],[130.853,33.109],[130.887,33.186],[130.826,33.237],[130.868,33.263],[130.835,33.344],[130.886,33.379],[130.895,33.446],[131.03,33.519],[131.176,33.507],[131.186,33.617],[131.094,33.624],[130.985,33.786],[131.012,33.82],[130.957,33.829],[130.993,33.851],[131.02,33.962],[130.963,33.962],[130.892,33.888],[130.825,33.921],[130.802,33.874],[130.741,33.875],[130.814,33.902],[130.807,33.932],[130.683,33.938],[130.636,33.885],[130.524,33.888],[130.477,33.857],[130.444,33.815],[130.458,33.736],[130.325,33.66],[130.361,33.644],[130.432,33.685],[130.393,33.597],[130.273,33.583],[130.21,33.667],[130.143,33.593],[130.089,33.583],[130.135,33.566],[130.116,33.547],[130.164,33.561],[130.154,33.537],[130.041,33.471],[130.039,33.47]]],[[[130.045,33.569],[130.05,33.566],[130.054,33.571],[130.053,33.575],[130.049,33.576],[130.047,33.576],[130.046,33.576],[130.045,33.569]]],[[[130.06499,33.50005],[130.06501,33.50002],[130.06508,33.49999],[130.0651,33.5],[130.06512,33.50002],[130.06513,33.50004],[130.06499,33.50005]]],[[[130.09805,34.24206],[130.10501,34.23956],[130.11248,34.2463],[130.11216,34.24984],[130.10375,34.24952],[130.09805,34.24206]]],[[[130.224,33.691],[130.231,33.683],[130.236,33.683],[130.238,33.69],[130.235,33.693],[130.229,33.694],[130.225,33.694],[130.224,33.691]]],[[[130.286,33.68],[130.317,33.661],[130.29,33.684],[130.286,33.68]]],[[[130.295,33.613],[130.304,33.638],[130.295,33.618],[130.295,33.613]]],[[[130.31413,33.61522],[130.31411,33.61523],[130.3141,33.61523],[130.31411,33.61522],[130.31412,33.61521],[130.31412,33.61522],[130.31413,33.61522]]],[[[130.31415,33.61519],[130.31416,33.61519],[130.31415,33.6152],[130.31413,33.61522],[130.31413,33.61521],[130.31414,33.6152],[130.31415,33.61519]]],[[[130.31415,33.61518],[130.31415,33.61519],[130.31414,33.61518],[130.31415,33.61518]]],[[[130.31415,33.61518],[130.31417,33.61517],[130.31416,33.61518],[130.31415,33.61518]]],[[[130.31416,33.61518],[130.31417,33.61519],[130.31416,33.61519],[130.31416,33.61518]]],[[[130.31419,33.61515],[130.31418,33.61516],[130.31418,33.61517],[130.31417,33.61517],[130.31417,33.61516],[130.31419,33.61515]]],[[[130.31418,33.61517],[130.31419,33.61516],[130.31418,33.61518],[130.31418,33.61517]]],[[[130.31419,33.61515],[130.3142,33.61515],[130.31419,33.61516],[130.31419,33.61515]]],[[[130.31421,33.61514],[130.3142,33.61515],[130.3142,33.61513],[130.31421,33.61514]]],[[[130.31422,33.61513],[130.31422,33.61514],[130.31421,33.61514],[130.31421,33.61513],[130.31422,33.61513]]],[[[130.31422,33.61512],[130.31423,33.6151],[130.31423,33.61511],[130.31422,33.61512]]],[[[130.31422,33.61512],[130.31423,33.61512],[130.31422,33.61513],[130.31422,33.61512]]],[[[130.31423,33.6151],[130.31424,33.61509],[130.31424,33.6151],[130.31423,33.6151]]],[[[130.31423,33.61511],[130.31424,33.61511],[130.31424,33.61512],[130.31423,33.61512],[130.31423,33.61511]]],[[[130.31426,33.61507],[130.31425,33.61508],[130.31426,33.61509],[130.31425,33.6151],[130.31424,33.61509],[130.31424,33.61508],[130.31426,33.61507]]],[[[130.31424,33.6151],[130.31426,33.6151],[130.31424,33.61511],[130.31424,33.6151]]],[[[130.31426,33.61507],[130.31427,33.61506],[130.31427,33.61507],[130.31426,33.61507]]],[[[130.31426,33.61507],[130.31427,33.61508],[130.31427,33.61509],[130.31426,33.6151],[130.31426,33.61507]]],[[[130.31427,33.61506],[130.31428,33.61505],[130.31428,33.61506],[130.31429,33.61506],[130.31428,33.61507],[130.31427,33.61506]]],[[[130.31427,33.61507],[130.31428,33.61507],[130.31427,33.61508],[130.31427,33.61507]]],[[[130.31429,33.61506],[130.31429,33.61504],[130.3143,33.61504],[130.3143,33.61505],[130.31429,33.61506]]],[[[130.359,33.762],[130.36,33.758],[130.363,33.755],[130.367,33.761],[130.376,33.76],[130.377,33.762],[130.373,33.765],[130.364,33.767],[130.359,33.762]]],[[[130.394,33.662],[130.428,33.665],[130.395,33.665],[130.394,33.662]]],[[[130.406,33.898],[130.446,33.915],[130.408,33.9],[130.406,33.898]]],[[[130.46844,33.85985],[130.47363,33.85902],[130.47317,33.86397],[130.46994,33.86505],[130.46844,33.85985]]],[[[130.488,33.91],[130.51,33.894],[130.489,33.913],[130.488,33.91]]],[[[130.70813,34.00379],[130.71424,34.00244],[130.71166,34.00536],[130.70813,34.00379]]],[[[130.722,34.01717],[130.72431,34.01204],[130.72871,34.00872],[130.73166,34.0162],[130.72703,34.01557],[130.72548,34.01906],[130.722,34.01717]]],[[[130.777,33.946],[130.845,33.939],[130.8,33.946],[130.777,33.946]]],[[[130.80946,33.99916],[130.81516,33.99536],[130.81734,33.98925],[130.8228,33.98661],[130.81648,34.00045],[130.81325,34.00114],[130.80946,33.99916]]],[[[130.85033,33.96941],[130.85219,33.96608],[130.86162,33.96602],[130.85689,33.96722],[130.85237,33.9714],[130.85033,33.96941]]],[[[131.00616,33.78968],[131.01325,33.79347],[131.01305,33.7965],[131.00616,33.78968]]],[[[131.02465,33.85666],[131.02928,33.83422],[131.03227,33.81993],[131.04186,33.82126],[131.03899,33.8356],[131.03433,33.85803],[131.02465,33.85666]]]]}},{"type":"Feature","properties":{"name":"佐賀県"},"geometry":{"type":"MultiPolygon","coordinates":[[[[129.74,33.573],[129.773,33.577],[129.745,33.576],[129.74,33.573]]],[[[130.204,32.957],[130.223,32.974],[130.126,33.117],[130.246,33.203],[130.289,33.147],[130.306,33.146],[130.341,33.141],[130.356,33.14],[130.34,33.205],[130.374,33.244],[130.536,33.343],[130.536,33.439],[130.411,33.395],[130.277,33.479],[129.995,33.447],[129.937,33.482],[129.969,33.511],[129.933,33.549],[129.874,33.516],[129.852,33.554],[129.852,33.447],[129.806,33.486],[129.783,33.451],[129.868,33.408],[129.828,33.337],[129.854,33.293],[129.791,33.34],[129.759,33.291],[129.814,33.243],[129.817,33.184],[129.943,33.164],[129.957,33.118],[129.922,33.09],[130.061,32.986],[130.199,32.96],[130.204,32.957]]],[[[129.77392,33.48824],[129.78007,33.49058],[129.77485,33.49523],[129.77392,33.48824]]],[[[129.83676,33.58388],[129.84414,33.58486],[129.8478,33.59038],[129.84563,33.59201],[129.83997,33.58806],[129.83686,33.5896],[129.83676,33.58388]]],[[[129.848,33.599],[129.852,33.595],[129.859,33.592],[129.86,33.587],[129.864,33.588],[129.865,33.591],[129.868,33.596],[129.862,33.597],[129.859,33.603],[129.863,33.609],[129.865,33.615],[129.863,33.618],[129.856,33.616],[129.858,33.613],[129.852,33.607],[129.851,33.599],[129.848,33.599]]],[[[129.873,33.547],[129.873,33.544],[129.881,33.545],[129.881,33.547],[129.89,33.552],[129.892,33.556],[129.888,33.556],[129.89,33.56],[129.882,33.568],[129.874,33.56],[129.876,33.55],[129.873,33.547]]],[[[129.89384,33.60067],[129.89519,33.59435],[129.90323,33.59575],[129.90134,33.59727],[129.90327,33.60256],[129.89839,33.60416],[129.89384,33.60067]]],[[[129.964,33.53],[129.967,33.527],[129.974,33.529],[129.978,33.533],[129.978,33.539],[129.974,33.544],[129.968,33.542],[129.972,33.539],[129.969,33.534],[129.964,33.53]]],[[[129.98524,33.47803],[129.9857,33.47277],[129.99438,33.47308],[129.99444,33.47695],[129.99167,33.48034],[129.98798,33.4806],[129.98524,33.47803]]],[[[130.21311,32.95445],[130.21811,32.95052],[130.22036,32.95505],[130.22496,32.95575],[130.22398,32.95827],[130.21677,32.95909],[130.21311,32.95445]]]]}},{"type":"Feature","properties":{"name":"長崎県"},"geometry":{"type":"MultiPolygon","coordinates":[[[[128.344,32.004],[128.35,31.997],[128.348,31.994],[128.349,31.989],[128.352,31.991],[128.355,31.988],[128.352,31.997],[128.358,32.003],[128.357,32.008],[128.344,32.004]]],[[[128.35959,32.01101],[128.36187,32.00793],[128.36459,32.01477],[128.35959,32.01101]]],[[[128.3686,32.02393],[128.37241,32.02469],[128.37543,32.02794],[128.37287,32.03013],[128.37068,32.02961],[128.3686,32.02393]]],[[[128.37704,32.03459],[128.38094,32.03055],[128.37914,32.03539],[128.37704,32.03459]]],[[[128.381,32.041],[128.414,32.048],[128.392,32.043],[128.381,32.041]]],[[[128.591,32.727],[128.592,32.716],[128.591,32.713],[128.599,32.711],[128.601,32.713],[128.603,32.718],[128.6,32.729],[128.607,32.732],[128.61,32.735],[128.609,32.74],[128.606,32.74],[128.601,32.74],[128.601,32.737],[128.592,32.73],[128.591,32.727]]],[[[128.598,32.613],[128.737,32.607],[128.772,32.574],[128.794,32.599],[128.77,32.645],[128.897,32.651],[128.841,32.709],[128.852,32.75],[128.805,32.752],[128.809,32.798],[128.775,32.735],[128.755,32.769],[128.692,32.738],[128.664,32.783],[128.647,32.698],[128.676,32.668],[128.636,32.628],[128.668,32.63],[128.645,32.603],[128.611,32.646],[128.6,32.619],[128.598,32.613]]],[[[128.615,32.655],[128.636,32.646],[128.62,32.665],[128.615,32.655]]],[[[128.6722,32.80658],[128.6775,32.80258],[128.68263,32.80395],[128.68051,32.81036],[128.67495,32.80982],[128.6722,32.80658]]],[[[128.70795,32.57921],[128.71467,32.58069],[128.72277,32.57906],[128.71805,32.58292],[128.71261,32.58273],[128.70795,32.57921]]],[[[128.77192,32.73761],[128.77391,32.73706],[128.77503,32.74395],[128.77206,32.74267],[128.77192,32.73761]]],[[[128.826,32.6],[128.829,32.597],[128.838,32.595],[128.842,32.597],[128.839,32.605],[128.836,32.604],[128.832,32.606],[128.826,32.6]]],[[[128.833,32.797],[128.866,32.763],[128.91,32.797],[128.864,32.845],[128.876,32.798],[128.838,32.838],[128.839,32.801],[128.833,32.797]]],[[[128.8504,32.72069],[128.85442,32.71901],[128.85335,32.7236],[128.8504,32.72069]]],[[[128.85752,32.7272],[128.86293,32.7211],[128.86818,32.72319],[128.86717,32.7264],[128.86254,32.72638],[128.86288,32.73137],[128.85752,32.7272]]],[[[128.869,32.741],[128.876,32.739],[128.881,32.749],[128.88,32.751],[128.874,32.749],[128.873,32.743],[128.87,32.746],[128.869,32.741]]],[[[128.873,32.862],[128.945,32.802],[128.949,32.881],[128.932,32.839],[128.88,32.868],[128.873,32.862]]],[[[128.89243,32.56342],[128.89614,32.5608],[128.90321,32.56093],[128.90767,32.56638],[128.90553,32.57125],[128.89277,32.57012],[128.89243,32.56342]]],[[[128.894,32.706],[128.897,32.694],[128.902,32.696],[128.898,32.698],[128.901,32.7],[128.899,32.702],[128.905,32.703],[128.905,32.707],[128.899,32.706],[128.898,32.712],[128.895,32.711],[128.894,32.706]]],[[[128.89385,33.16761],[128.90426,33.16655],[128.90243,33.17411],[128.8995,33.16976],[128.89385,33.16761]]],[[[128.89542,33.15364],[128.89815,33.15245],[128.90388,33.15396],[128.90214,33.15559],[128.89542,33.15364]]],[[[128.89672,32.58668],[128.90472,32.58662],[128.90375,32.5904],[128.89672,32.58668]]],[[[128.90782,32.88929],[128.90964,32.8859],[128.91639,32.88653],[128.919,32.89442],[128.91711,32.89691],[128.91148,32.89398],[128.90782,32.88929]]],[[[128.91483,32.59494],[128.91772,32.59276],[128.92752,32.59182],[128.92554,32.59872],[128.91483,32.59494]]],[[[128.9266,33.19471],[128.9269,33.19037],[128.93003,33.19058],[128.93046,33.19395],[128.9266,33.19471]]],[[[128.928,32.8],[128.934,32.798],[128.937,32.801],[128.936,32.806],[128.934,32.808],[128.929,32.807],[128.933,32.802],[128.928,32.8]]],[[[128.93,32.92],[128.969,32.909],[128.935,32.92],[128.93,32.92]]],[[[128.9424,32.89747],[128.94722,32.89611],[128.94325,32.90055],[128.9424,32.89747]]],[[[128.94995,32.75486],[128.95441,32.75555],[128.95206,32.75745],[128.94995,32.75486]]],[[[128.953,32.773],[128.955,32.764],[128.965,32.762],[128.968,32.764],[128.968,32.768],[128.963,32.771],[128.958,32.777],[128.953,32.773]]],[[[128.961,32.899],[129.026,32.844],[129.017,32.922],[128.978,32.919],[128.999,32.878],[128.961,32.904],[128.961,32.899]]],[[[128.963,32.751],[129.004,32.751],[128.999,32.787],[128.969,32.755],[128.963,32.751]]],[[[128.978,32.959],[128.98,32.952],[128.978,32.948],[128.983,32.945],[128.982,32.951],[128.987,32.95],[128.995,32.952],[128.994,32.956],[128.996,32.958],[128.997,32.962],[128.992,32.963],[128.99,32.966],[128.984,32.959],[128.981,32.961],[128.978,32.959]]],[[[128.97958,33.18938],[128.98058,33.18489],[128.98629,33.18886],[128.99214,33.18686],[128.99419,33.19025],[128.987,33.19362],[128.97958,33.18938]]],[[[128.993,32.946],[129.063,32.909],[129.038,32.908],[129.063,32.817],[129.066,32.863],[129.1,32.86],[129.102,32.962],[129.137,32.937],[129.182,32.971],[129.176,33.007],[129.088,32.983],[129.113,33.164],[129.089,33.026],[129.05,33.041],[129.051,32.96],[129.013,32.977],[129,32.944],[128.993,32.946]]],[[[129.00047,32.85715],[129.00278,32.85778],[129.00346,32.86284],[129.00047,32.85715]]],[[[129.005,33.003],[129.032,33.015],[129.01,33.01],[129.005,33.003]]],[[[129.012,33.207],[129.012,33.201],[129.024,33.201],[129.028,33.207],[129.024,33.213],[129.022,33.211],[129.014,33.213],[129.015,33.21],[129.012,33.207]]],[[[129.01385,33.18042],[129.02307,33.17944],[129.02525,33.18085],[129.02164,33.18493],[129.01749,33.18489],[129.01385,33.18042]]],[[[129.01706,33.16622],[129.02268,33.16417],[129.02655,33.16865],[129.0243,33.1755],[129.01825,33.17135],[129.01706,33.16622]]],[[[129.021,32.986],[129.025,32.984],[129.024,32.976],[129.027,32.977],[129.024,32.987],[129.027,32.99],[129.025,32.994],[129.022,32.992],[129.021,32.986]]],[[[129.028,33.201],[129.089,33.186],[129.098,33.215],[129.04,33.211],[129.028,33.201]]],[[[129.02974,32.87253],[129.03549,32.86798],[129.03619,32.87685],[129.03461,32.88282],[129.03025,32.88162],[129.03124,32.87477],[129.02974,32.87253]]],[[[129.03169,32.86903],[129.03369,32.85989],[129.03528,32.86745],[129.03169,32.86903]]],[[[129.03421,33.17444],[129.03435,33.17172],[129.03804,33.17444],[129.03421,33.17444]]],[[[129.03792,32.8538],[129.03891,32.84352],[129.04071,32.84348],[129.0417,32.84966],[129.03792,32.8538]]],[[[129.03918,32.88648],[129.04525,32.88669],[129.04045,32.88899],[129.03932,32.89273],[129.03918,32.88648]]],[[[129.04293,32.91618],[129.04787,32.91607],[129.04581,32.9186],[129.04293,32.91618]]],[[[129.05263,33.17763],[129.05681,33.17734],[129.06111,33.18104],[129.05833,33.18437],[129.05263,33.17763]]],[[[129.058,33.256],[129.062,33.247],[129.068,33.249],[129.069,33.244],[129.075,33.248],[129.073,33.255],[129.067,33.254],[129.064,33.251],[129.064,33.255],[129.061,33.258],[129.067,33.263],[129.058,33.256]]],[[[129.062,33.226],[129.065,33.224],[129.064,33.221],[129.068,33.217],[129.074,33.222],[129.073,33.224],[129.066,33.225],[129.067,33.228],[129.062,33.226]]],[[[129.07,33.271],[129.123,33.246],[129.157,33.272],[129.134,33.303],[129.076,33.273],[129.07,33.271]]],[[[129.115,33.208],[129.132,33.159],[129.119,33.212],[129.115,33.208]]],[[[129.12992,33.22268],[129.1339,33.2198],[129.14084,33.22301],[129.13439,33.22791],[129.13027,33.22633],[129.12992,33.22268]]],[[[129.13187,33.13292],[129.13452,33.13152],[129.13534,33.13737],[129.13187,33.13292]]],[[[129.167,34.106],[129.216,34.112],[129.212,34.085],[129.281,34.13],[129.348,34.298],[129.301,34.281],[129.31,34.306],[129.267,34.328],[129.291,34.278],[129.255,34.311],[129.222,34.291],[129.205,34.332],[129.171,34.111],[129.167,34.106]]],[[[129.174,33.015],[129.175,33.012],[129.18,33.007],[129.185,33.009],[129.191,33.006],[129.197,33.008],[129.196,33.018],[129.189,33.02],[129.189,33.015],[129.174,33.015]]],[[[129.17803,33.01971],[129.18593,33.02147],[129.18324,33.023],[129.17803,33.01971]]],[[[129.18438,32.91849],[129.19105,32.91748],[129.19654,32.92094],[129.19524,32.92356],[129.18972,32.92466],[129.18623,32.92272],[129.18438,32.91849]]],[[[129.222,32.998],[129.261,33.02],[129.223,33.002],[129.222,32.998]]],[[[129.229,34.364],[129.288,34.339],[129.309,34.386],[129.311,34.339],[129.349,34.377],[129.353,34.318],[129.29,34.324],[129.38,34.313],[129.398,34.412],[129.352,34.389],[129.386,34.429],[129.368,34.453],[129.472,34.553],[129.48,34.593],[129.435,34.622],[129.481,34.619],[129.494,34.684],[129.45,34.706],[129.397,34.64],[129.32,34.647],[129.286,34.563],[129.345,34.534],[129.274,34.469],[129.312,34.45],[129.272,34.436],[129.277,34.374],[129.233,34.366],[129.229,34.364]]],[[[129.23029,34.29843],[129.23342,34.29756],[129.23228,34.30132],[129.23029,34.29843]]],[[[129.23836,34.0987],[129.24229,34.09603],[129.24434,34.09935],[129.24038,34.10057],[129.23836,34.0987]]],[[[129.26448,34.42371],[129.26922,34.41751],[129.26598,34.42406],[129.26448,34.42371]]],[[[129.31164,34.29971],[129.31303,34.29382],[129.31462,34.29659],[129.31164,34.29971]]],[[[129.32086,34.30189],[129.32271,34.29958],[129.32561,34.30141],[129.32772,34.30664],[129.32086,34.30189]]],[[[129.33422,33.18316],[129.34181,33.18834],[129.33882,33.19005],[129.335,33.18905],[129.33422,33.18316]]],[[[129.33594,33.24836],[129.34063,33.24973],[129.3412,33.25256],[129.33594,33.24836]]],[[[129.3383,34.35188],[129.34436,34.35507],[129.3394,34.35446],[129.3383,34.35188]]],[[[129.34001,34.34827],[129.34611,34.34778],[129.34824,34.35092],[129.34001,34.34827]]],[[[129.34,33.008],[129.346,33.003],[129.345,32.998],[129.35,32.998],[129.351,33.003],[129.356,33.004],[129.361,33.003],[129.359,33.007],[129.361,33.01],[129.356,33.01],[129.354,33.014],[129.355,33.018],[129.353,33.021],[129.343,33.016],[129.344,33.01],[129.34,33.008]]],[[[129.34049,33.19462],[129.34246,33.19251],[129.34431,33.19587],[129.34049,33.19462]]],[[[129.34108,33.18415],[129.34758,33.17785],[129.34824,33.18232],[129.34526,33.18295],[129.34108,33.18415]]],[[[129.347,34.287],[129.393,34.301],[129.353,34.288],[129.347,34.287]]],[[[129.349,33.182],[129.463,33.214],[129.505,33.269],[129.486,33.288],[129.53,33.308],[129.514,33.33],[129.571,33.359],[129.555,33.409],[129.518,33.4],[129.552,33.381],[129.523,33.354],[129.512,33.382],[129.438,33.348],[129.447,33.292],[129.404,33.265],[129.43,33.234],[129.383,33.228],[129.401,33.181],[129.358,33.189],[129.349,33.182]]],[[[129.389,34.321],[129.395,34.312],[129.4,34.314],[129.408,34.314],[129.413,34.317],[129.411,34.319],[129.406,34.315],[129.402,34.317],[129.393,34.317],[129.395,34.323],[129.389,34.321]]],[[[129.389,34.34],[129.396,34.338],[129.399,34.334],[129.402,34.338],[129.406,34.336],[129.405,34.344],[129.403,34.346],[129.407,34.349],[129.396,34.36],[129.396,34.355],[129.394,34.357],[129.39,34.348],[129.389,34.34]]],[[[129.397,33.361],[129.408,33.356],[129.415,33.351],[129.435,33.355],[129.435,33.441],[129.403,33.364],[129.397,33.361]]],[[[129.40416,34.36108],[129.40596,34.35077],[129.41141,34.35369],[129.41099,34.36033],[129.41247,34.36326],[129.40834,34.35949],[129.40416,34.36108]]],[[[129.43118,33.01852],[129.43704,33.01571],[129.43886,33.01773],[129.43345,33.02185],[129.43118,33.01852]]],[[[129.43311,34.70366],[129.43774,34.70637],[129.43474,34.70802],[129.43311,34.70366]]],[[[129.47891,34.67957],[129.48255,34.68283],[129.4795,34.68329],[129.47891,34.67957]]],[[[129.497,33.473],[129.582,33.497],[129.504,33.48],[129.497,33.473]]],[[[129.504,33.142],[129.551,33.144],[129.515,33.14],[129.504,33.142]]],[[[129.505,33.428],[129.545,33.442],[129.507,33.435],[129.505,33.428]]],[[[129.51912,33.17125],[129.52374,33.167],[129.52488,33.17058],[129.52065,33.17347],[129.51912,33.17125]]],[[[129.5357,33.00858],[129.54212,33.00914],[129.53639,33.01034],[129.5357,33.00858]]],[[[129.54312,33.00292],[129.55018,33.00457],[129.55195,33.00065],[129.55378,33.00677],[129.54495,33.00839],[129.54312,33.00292]]],[[[129.5523,33.60371],[129.55837,33.6061],[129.55846,33.60948],[129.55503,33.6106],[129.5523,33.60371]]],[[[130.204,32.957],[130.061,32.986],[129.922,33.09],[129.957,33.118],[129.943,33.164],[129.817,33.184],[129.814,33.243],[129.759,33.291],[129.789,33.372],[129.706,33.346],[129.671,33.399],[129.648,33.365],[129.57,33.377],[129.562,33.325],[129.623,33.31],[129.553,33.216],[129.615,33.224],[129.626,33.19],[129.637,33.225],[129.636,33.167],[129.699,33.137],[129.657,33.131],[129.666,33.101],[129.711,33.116],[129.717,33.167],[129.726,33.127],[129.794,33.138],[129.822,33.037],[129.877,33.064],[129.932,33.027],[129.93,32.926],[130.005,32.84],[129.881,32.882],[129.848,32.832],[129.79,32.867],[129.81,32.893],[129.783,32.941],[129.813,32.921],[129.822,32.984],[129.764,33.022],[129.739,32.989],[129.762,33.048],[129.677,33.099],[129.634,32.925],[129.702,32.831],[129.777,32.819],[129.819,32.72],[129.87,32.745],[129.846,32.697],[129.791,32.692],[129.816,32.654],[129.739,32.569],[129.896,32.663],[129.947,32.759],[130.084,32.795],[130.179,32.795],[130.206,32.756],[130.172,32.693],[130.126,32.688],[130.17,32.591],[130.343,32.668],[130.382,32.78],[130.304,32.88],[130.184,32.858],[130.174,32.87],[130.155,32.894],[130.153,32.899],[130.201,32.95],[130.204,32.957]]],[[[129.55358,32.86822],[129.55814,32.86639],[129.5644,32.86846],[129.55568,32.87015],[129.55358,32.86822]]],[[[129.555,33.005],[129.59,33.022],[129.558,33.004],[129.555,33.005]]],[[[129.55567,33.22956],[129.56218,33.22758],[129.56109,33.23325],[129.55696,33.23362],[129.55567,33.22956]]],[[[129.55879,33.2612],[129.56398,33.26015],[129.56182,33.26337],[129.55879,33.2612]]],[[[129.56118,33.2642],[129.56628,33.26208],[129.56332,33.26941],[129.56118,33.2642]]],[[[129.56161,33.25027],[129.56499,33.25413],[129.56207,33.25451],[129.56161,33.25027]]],[[[129.56457,33.27232],[129.56728,33.2709],[129.56973,33.27474],[129.56818,33.27662],[129.56457,33.27232]]],[[[129.56523,33.2138],[129.56915,33.21175],[129.56575,33.2173],[129.56523,33.2138]]],[[[129.57674,33.20759],[129.57963,33.20844],[129.57788,33.21333],[129.57674,33.20759]]],[[[129.578,33.184],[129.591,33.163],[129.581,33.187],[129.578,33.184]]],[[[129.58297,33.2079],[129.58458,33.20406],[129.58942,33.20159],[129.59405,33.20249],[129.58297,33.2079]]],[[[129.587,33.036],[129.636,33.062],[129.59,33.039],[129.587,33.036]]],[[[129.59,32.883],[129.591,32.881],[129.602,32.881],[129.607,32.887],[129.603,32.888],[129.607,32.89],[129.603,32.891],[129.598,32.889],[129.59,32.883]]],[[[129.591,32.937],[129.626,32.927],[129.595,32.941],[129.591,32.937]]],[[[129.59552,33.19445],[129.59853,33.19122],[129.60008,33.19981],[129.59552,33.19445]]],[[[129.59612,33.20435],[129.60286,33.20245],[129.59981,33.20689],[129.59612,33.20435]]],[[[129.60859,33.18969],[129.61411,33.19023],[129.61086,33.19791],[129.60859,33.18969]]],[[[129.60933,33.18723],[129.61305,33.18418],[129.6128,33.1889],[129.60933,33.18723]]],[[[129.62416,33.72739],[129.62929,33.72541],[129.63085,33.72262],[129.63373,33.7256],[129.63703,33.72808],[129.62862,33.73067],[129.62416,33.72739]]],[[[129.627,33.032],[129.628,33.029],[129.633,33.026],[129.632,33.03],[129.638,33.035],[129.638,33.045],[129.63,33.038],[129.631,33.033],[129.627,33.032]]],[[[129.628,33.742],[129.63,33.735],[129.629,33.734],[129.637,33.734],[129.641,33.74],[129.643,33.739],[129.644,33.743],[129.633,33.742],[129.63,33.744],[129.628,33.742],[129.628,33.742]]],[[[129.643,33.767],[129.716,33.704],[129.787,33.743],[129.759,33.779],[129.799,33.788],[129.749,33.807],[129.768,33.847],[129.704,33.864],[129.671,33.838],[129.686,33.807],[129.65,33.807],[129.682,33.758],[129.645,33.772],[129.643,33.767]]],[[[129.644,33.723],[129.647,33.722],[129.647,33.718],[129.65,33.719],[129.654,33.725],[129.648,33.729],[129.648,33.731],[129.648,33.726],[129.644,33.723]]],[[[129.647,32.988],[129.651,32.987],[129.653,32.991],[129.649,33.001],[129.651,33.002],[129.65,33.01],[129.648,33.004],[129.647,32.988]]],[[[129.65872,33.83003],[129.66183,33.82785],[129.65976,33.83392],[129.65872,33.83003]]],[[[129.66851,33.15747],[129.66894,33.15177],[129.67347,33.15157],[129.66851,33.15747]]],[[[129.66992,33.76914],[129.67002,33.76914],[129.67013,33.76913],[129.67003,33.76915],[129.66992,33.76914]]],[[[129.67115,33.16638],[129.67415,33.15841],[129.67469,33.16047],[129.67115,33.16638]]],[[[129.67272,33.14048],[129.6789,33.13981],[129.67495,33.14327],[129.67272,33.14048]]],[[[129.67354,33.86872],[129.67801,33.8623],[129.67754,33.86551],[129.68183,33.86624],[129.68083,33.87075],[129.67354,33.86872]]],[[[129.68,33.411],[129.685,33.406],[129.689,33.408],[129.687,33.411],[129.69,33.413],[129.686,33.418],[129.687,33.423],[129.682,33.423],[129.682,33.42],[129.686,33.417],[129.685,33.413],[129.68,33.411]]],[[[129.68277,33.87033],[129.68382,33.86225],[129.68966,33.86128],[129.68879,33.86646],[129.69105,33.86856],[129.68604,33.87101],[129.68277,33.87033]]],[[[129.69448,33.86634],[129.69861,33.86416],[129.70365,33.86523],[129.70127,33.86877],[129.69448,33.86634]]],[[[129.7075,33.42419],[129.71077,33.41971],[129.71302,33.42087],[129.71027,33.4241],[129.7075,33.42419]]],[[[129.714,33.46],[129.72,33.454],[129.722,33.455],[129.727,33.451],[129.728,33.457],[129.725,33.461],[129.719,33.464],[129.714,33.46]]],[[[129.719,33.414],[129.793,33.431],[129.755,33.47],[129.719,33.419],[129.719,33.414]]],[[[129.729,33.1],[129.768,33.051],[129.794,33.138],[129.731,33.103],[129.729,33.1]]],[[[129.74106,32.99473],[129.7458,32.99425],[129.74396,33.00009],[129.74106,32.99473]]],[[[129.74484,33.00288],[129.74708,32.99943],[129.74693,33.0043],[129.74484,33.00288]]],[[[129.74635,32.66178],[129.75496,32.64957],[129.75857,32.65476],[129.75541,32.6587],[129.7597,32.6638],[129.7513,32.6671],[129.74635,32.66178]]],[[[129.75478,33.73214],[129.75781,33.72961],[129.76199,33.73417],[129.75886,33.73677],[129.75478,33.73214]]],[[[129.7613,32.71526],[129.76147,32.70931],[129.77544,32.70164],[129.78016,32.70531],[129.77518,32.70967],[129.77352,32.70802],[129.7613,32.71526]]],[[[129.772,32.701],[129.777,32.696],[129.777,32.691],[129.78,32.69],[129.786,32.693],[129.786,32.696],[129.78,32.699],[129.781,32.703],[129.772,32.701]]],[[[129.77369,33.39949],[129.7804,33.39318],[129.78513,33.39715],[129.7775,33.40139],[129.77369,33.39949]]],[[[129.774,32.558],[129.775,32.549],[129.779,32.551],[129.784,32.556],[129.791,32.558],[129.791,32.565],[129.788,32.569],[129.786,32.565],[129.783,32.569],[129.779,32.569],[129.776,32.566],[129.774,32.558]]],[[[129.77694,33.7817],[129.77747,33.77806],[129.78052,33.78112],[129.77694,33.7817]]],[[[129.77805,33.07103],[129.78068,33.07139],[129.78268,33.06676],[129.78639,33.06836],[129.78362,33.07559],[129.78084,33.07687],[129.77805,33.07103]]],[[[129.796,33.412],[129.808,33.351],[129.86,33.378],[129.797,33.415],[129.796,33.412]]],[[[129.79654,32.88061],[129.80131,32.87649],[129.80221,32.87841],[129.79654,32.88061]]],[[[129.80242,32.91286],[129.8075,32.91314],[129.80939,32.91619],[129.80268,32.91634],[129.80242,32.91286]]],[[[129.8049,32.86872],[129.80776,32.86563],[129.81308,32.86882],[129.8091,32.86906],[129.8052,32.87343],[129.8049,32.86872]]],[[[129.8107,32.96294],[129.81369,32.95859],[129.81626,32.96114],[129.81245,32.96376],[129.8107,32.96294]]],[[[129.81762,32.9964],[129.81898,32.99203],[129.82036,32.99563],[129.81762,32.9964]]],[[[129.82285,32.86799],[129.8277,32.86596],[129.82557,32.86918],[129.82285,32.86799]]],[[[129.901,32.927],[129.927,32.908],[129.902,32.929],[129.901,32.927]]],[[[129.92478,32.87285],[129.93026,32.86886],[129.92755,32.87369],[129.92478,32.87285]]],[[[129.964,32.761],[129.989,32.751],[129.965,32.762],[129.964,32.761]]]]}},{"type":"Feature","properties":{"name":"熊本県"},"geometry":{"type":"MultiPolygon","coordinates":[[[[129.96329,32.18554],[129.96565,32.18125],[129.9736,32.17808],[129.97102,32.1826],[129.96519,32.18714],[129.96329,32.18554]]],[[[129.967,32.244],[129.999,32.254],[129.991,32.197],[130.023,32.189],[130.166,32.296],[130.14,32.298],[130.161,32.336],[130.2,32.323],[130.225,32.366],[130.193,32.388],[130.217,32.424],[130.189,32.549],[130.012,32.529],[130.047,32.491],[129.977,32.329],[130.072,32.3],[130.028,32.299],[130.032,32.274],[130.014,32.3],[129.971,32.245],[129.967,32.244]]],[[[129.96987,32.20142],[129.97312,32.20193],[129.97642,32.20623],[129.97411,32.20802],[129.96987,32.20142]]],[[[129.9712,32.14459],[129.97422,32.14395],[129.97413,32.14909],[129.9712,32.14459]]],[[[130.0132,32.18569],[130.0152,32.18308],[130.01675,32.18653],[130.0132,32.18569]]],[[[130.015,32.172],[130.047,32.156],[130.022,32.174],[130.015,32.172]]],[[[130.04408,32.17893],[130.04567,32.17524],[130.04888,32.17579],[130.04408,32.17893]]],[[[130.05205,32.16266],[130.05639,32.16233],[130.05252,32.17006],[130.05205,32.16266]]],[[[130.07038,32.1967],[130.07044,32.19412],[130.07855,32.19517],[130.08189,32.19804],[130.07808,32.20167],[130.07038,32.1967]]],[[[130.10651,32.54931],[130.11686,32.55002],[130.12423,32.55227],[130.1179,32.55231],[130.11496,32.55322],[130.10723,32.55151],[130.10651,32.54931]]],[[[130.132,32.268],[130.135,32.263],[130.14,32.263],[130.146,32.265],[130.151,32.269],[130.148,32.274],[130.141,32.278],[130.134,32.272],[130.132,32.268]]],[[[130.19409,32.54022],[130.19753,32.54033],[130.19707,32.54399],[130.19409,32.54022]]],[[[130.205,32.451],[130.234,32.385],[130.348,32.42],[130.352,32.379],[130.38,32.382],[130.461,32.529],[130.395,32.5],[130.316,32.518],[130.21,32.453],[130.205,32.451]]],[[[130.22851,32.37247],[130.22951,32.36651],[130.2355,32.36717],[130.23575,32.38063],[130.22994,32.37694],[130.22851,32.37247]]],[[[130.23088,32.39932],[130.2347,32.40086],[130.23225,32.40319],[130.23088,32.39932]]],[[[130.28561,32.33594],[130.28918,32.33746],[130.29059,32.34091],[130.28561,32.33594]]],[[[130.294,32.333],[130.299,32.329],[130.3,32.322],[130.303,32.325],[130.303,32.328],[130.3,32.33],[130.304,32.334],[130.303,32.336],[130.298,32.333],[130.294,32.333]]],[[[130.301,32.358],[130.342,32.355],[130.304,32.363],[130.301,32.358]]],[[[130.305,32.306],[130.375,32.347],[130.309,32.311],[130.305,32.306]]],[[[130.30477,32.36673],[130.31058,32.37001],[130.31017,32.37429],[130.30477,32.36673]]],[[[130.317,32.377],[130.319,32.371],[130.323,32.37],[130.326,32.373],[130.324,32.378],[130.328,32.379],[130.325,32.381],[130.317,32.377]]],[[[130.32646,32.39385],[130.32788,32.38602],[130.33079,32.39506],[130.32847,32.39552],[130.32646,32.39385]]],[[[130.32761,32.33888],[130.33381,32.34207],[130.33506,32.34445],[130.33126,32.34299],[130.32761,32.33888]]],[[[130.33053,32.60536],[130.33328,32.60072],[130.34094,32.59855],[130.34381,32.60354],[130.33767,32.60665],[130.33053,32.60536]]],[[[130.33645,32.3836],[130.34307,32.38934],[130.3444,32.39265],[130.34125,32.3895],[130.33645,32.3836]]],[[[130.341,32.368],[130.349,32.361],[130.355,32.364],[130.352,32.369],[130.348,32.368],[130.351,32.372],[130.349,32.373],[130.342,32.371],[130.341,32.368]]],[[[130.35661,32.35273],[130.35856,32.35104],[130.36025,32.35621],[130.35661,32.35273]]],[[[130.361,32.169],[130.454,32.113],[130.61,32.187],[130.699,32.107],[130.821,32.095],[130.906,32.134],[130.975,32.121],[131.013,32.174],[131.109,32.16],[131.043,32.248],[131.112,32.33],[131.02,32.439],[131.018,32.546],[131.052,32.588],[131.108,32.582],[131.116,32.643],[131.235,32.744],[131.265,32.826],[131.329,32.833],[131.257,32.887],[131.263,32.977],[131.111,33.183],[130.992,33.182],[130.979,33.142],[131.024,33.088],[130.991,33.024],[130.68,33.171],[130.66,33.109],[130.58,33.116],[130.497,33.052],[130.506,33.003],[130.414,33.002],[130.444,32.915],[130.584,32.842],[130.614,32.793],[130.607,32.713],[130.459,32.608],[130.661,32.632],[130.544,32.538],[130.573,32.51],[130.568,32.507],[130.533,32.523],[130.531,32.52],[130.553,32.51],[130.556,32.509],[130.565,32.505],[130.542,32.485],[130.575,32.435],[130.489,32.366],[130.466,32.32],[130.49,32.3],[130.364,32.175],[130.361,32.169]]],[[[130.36246,32.19852],[130.36378,32.19461],[130.36974,32.20021],[130.36535,32.20037],[130.36246,32.19852]]],[[[130.38067,32.58093],[130.38071,32.58091426735219],[130.38456,32.5794],[130.39266,32.58372],[130.38978,32.58747],[130.38079,32.58347],[130.38067,32.58093]]],[[[130.38836,32.54415],[130.395,32.54475],[130.39154,32.54708],[130.38836,32.54415]]],[[[130.394,32.589],[130.404,32.552],[130.453,32.554],[130.444,32.626],[130.402,32.596],[130.394,32.589]]],[[[130.39429,32.53929],[130.40365,32.53592],[130.40394,32.53883],[130.40795,32.53879],[130.40798,32.54237],[130.39734,32.54439],[130.39429,32.53929]]],[[[130.39846,32.38769],[130.40725,32.38716],[130.40275,32.38986],[130.4,32.39409],[130.39846,32.38769]]],[[[130.407,32.544],[130.415,32.54],[130.413,32.537],[130.424,32.539],[130.429,32.541],[130.426,32.544],[130.419,32.543],[130.412,32.547],[130.407,32.546],[130.407,32.544]]],[[[130.408,32.393],[130.419,32.367],[130.411,32.394],[130.408,32.393]]],[[[130.4081,32.37067],[130.41139,32.371],[130.41358,32.37449],[130.4081,32.37067]]],[[[130.42274,32.52343],[130.4291,32.52077],[130.43191,32.52723],[130.4292,32.52957],[130.42365,32.52662],[130.42274,32.52343]]],[[[130.43508,32.53343],[130.43851,32.5308],[130.44059,32.53758],[130.43938,32.53921],[130.43508,32.53343]]],[[[130.44911,32.59442],[130.45213,32.5964],[130.44931,32.59909],[130.44911,32.59442]]],[[[130.4526,32.56883],[130.45485,32.56855],[130.45693,32.57366],[130.4526,32.56883]]],[[[130.461,32.575],[130.464,32.539],[130.488,32.57],[130.462,32.58],[130.461,32.575]]],[[[130.474,32.604],[130.492,32.576],[130.487,32.609],[130.474,32.604]]],[[[130.49194934280845,32.48441523198323],[130.49416,32.49103],[130.49119,32.48423],[130.49194934280845,32.48441523198323]]],[[[130.49194934280845,32.48441523198323],[130.49159,32.48334],[130.50072,32.4843],[130.50177,32.48916],[130.4982,32.48594],[130.49194934280845,32.48441523198323]]],[[[130.573,32.763],[130.582,32.764],[130.582,32.762],[130.591,32.763],[130.593,32.769],[130.584,32.769],[130.574,32.768],[130.573,32.763]]]]}},{"type":"Feature","properties":{"name":"大分県"},"geometry":{"type":"MultiPolygon","coordinates":[[[[130.84,33.104],[130.991,33.024],[131.024,33.088],[130.979,33.142],[130.992,33.182],[131.111,33.183],[131.263,32.977],[131.265,32.879],[131.364,32.803],[131.475,32.837],[131.555,32.755],[131.712,32.774],[131.766,32.837],[131.859,32.821],[131.844,32.748],[131.874,32.74],[131.889,32.803],[131.936,32.784],[132.008,32.827],[131.945,32.834],[132.016,32.891],[131.977,32.922],[132.085,32.932],[132.002,32.933],[132.002,32.959],[131.982,32.939],[131.89,32.991],[131.928,33.051],[132.014,33.057],[132.003,33.096],[131.975,33.063],[131.941,33.097],[131.912,33.066],[131.852,33.089],[131.915,33.125],[131.798,33.127],[131.902,33.268],[131.755,33.242],[131.692,33.279],[131.589,33.246],[131.513,33.267],[131.499,33.36],[131.597,33.35],[131.65,33.384],[131.628,33.42],[131.701,33.406],[131.739,33.465],[131.729,33.588],[131.661,33.67],[131.586,33.692],[131.5,33.671],[131.429,33.568],[131.191,33.62],[131.176,33.507],[131.03,33.519],[130.942,33.486],[130.835,33.344],[130.868,33.263],[130.826,33.237],[130.887,33.186],[130.844,33.108],[130.84,33.104]]],[[[131.631,33.721],[131.702,33.73],[131.641,33.725],[131.631,33.721]]],[[[131.85675,33.14058],[131.85875,33.13901],[131.8629,33.14119],[131.86081,33.14369],[131.85675,33.14058]]],[[[131.88903,33.23684],[131.89562,33.236],[131.89369,33.23932],[131.88903,33.23684]]],[[[131.89199,33.10079],[131.89592,33.10171],[131.8943,33.1056],[131.89199,33.10079]]],[[[131.908,32.771],[131.911,32.769],[131.923,32.77],[131.923,32.775],[131.918,32.776],[131.909,32.781],[131.911,32.775],[131.908,32.771]]],[[[131.90808,33.01234],[131.91094,33.00932],[131.91205,33.01497],[131.90808,33.01234]]],[[[131.91,32.988],[131.944,33.015],[131.917,32.997],[131.91,32.988]]],[[[131.922,32.721],[131.924,32.715],[131.928,32.715],[131.929,32.719],[131.933,32.72],[131.927,32.727],[131.922,32.727],[131.925,32.722],[131.922,32.721]]],[[[131.9398,33.27732],[131.94115,33.27466],[131.94663,33.27139],[131.95267,33.27457],[131.9566,33.27556],[131.95639,33.27935],[131.9398,33.27732]]],[[[131.95314,32.97118],[131.95374,32.96506],[131.95733,32.96446],[131.95716,32.97125],[131.95314,32.97118]]],[[[131.97159,33.15517],[131.98095,33.15748],[131.97943,33.16115],[131.9719,33.15797],[131.97159,33.15517]]],[[[131.98059,33.16428],[131.98724,33.16449],[131.99221,33.17132],[131.98617,33.1713],[131.9823,33.16931],[131.98059,33.16428]]],[[[132.004,33.108],[132.007,33.105],[132.006,33.099],[132.015,33.103],[132.017,33.107],[132.013,33.108],[132.011,33.111],[132.004,33.108]]],[[[132.04617,32.92003],[132.04641,32.91579],[132.04937,32.91655],[132.04617,32.92003]]],[[[132.067,32.964],[132.071,32.953],[132.073,32.953],[132.073,32.957],[132.078,32.962],[132.08,32.96],[132.078,32.969],[132.081,32.971],[132.075,32.977],[132.076,32.974],[132.073,32.971],[132.074,32.968],[132.067,32.964]]]]}},{"type":"Feature","properties":{"name":"宮崎県"},"geometry":{"type":"MultiPolygon","coordinates":[[[[131.16,31.462],[131.242,31.427],[131.253,31.381],[131.349,31.366],[131.381,31.553],[131.469,31.645],[131.45,31.679],[131.488,31.787],[131.456,31.816],[131.456,31.899],[131.577,32.271],[131.645,32.408],[131.69,32.423],[131.643,32.439],[131.657,32.48],[131.729,32.492],[131.683,32.513],[131.695,32.569],[131.886,32.746],[131.847,32.736],[131.859,32.821],[131.741,32.834],[131.712,32.774],[131.569,32.754],[131.512,32.77],[131.475,32.837],[131.364,32.803],[131.34,32.833],[131.265,32.826],[131.235,32.744],[131.116,32.643],[131.108,32.582],[131.046,32.584],[131.009,32.515],[131.02,32.439],[131.112,32.33],[131.042,32.258],[131.109,32.16],[131.013,32.174],[130.975,32.121],[130.734,32.108],[130.704,32.077],[130.8,31.95],[130.914,31.886],[130.877,31.816],[130.991,31.777],[131.054,31.633],[131.079,31.66],[131.188,31.625],[131.201,31.518],[131.163,31.465],[131.16,31.462]]],[[[131.3723,31.45124],[131.37808,31.44872],[131.37868,31.45661],[131.37368,31.45454],[131.3723,31.45124]]],[[[131.38725,31.47741],[131.38903,31.47448],[131.39225,31.47835],[131.39003,31.47975],[131.38725,31.47741]]],[[[131.403,31.531],[131.407,31.524],[131.415,31.514],[131.417,31.512],[131.409,31.538],[131.403,31.531]]],[[[131.66614,32.46479],[131.67051,32.4643],[131.66952,32.47032],[131.66614,32.46479]]],[[[131.807,32.667],[131.837,32.671],[131.811,32.665],[131.807,32.667]]],[[[131.84133,32.68474],[131.84579,32.68094],[131.84502,32.68628],[131.84133,32.68474]]]]}},{"type":"Feature","properties":{"name":"鹿児島県"},"geometry":{"type":"MultiPolygon","coordinates":[[[[128.395,27.048],[128.458,27.025],[128.44,27.066],[128.402,27.052],[128.395,27.048]]],[[[128.52,27.373],[128.579,27.331],[128.714,27.435],[128.525,27.393],[128.52,27.373]]],[[[128.879,27.828],[128.907,27.765],[128.881,27.723],[128.926,27.666],[128.987,27.67],[129.038,27.768],[128.971,27.816],[128.972,27.892],[128.901,27.893],[128.882,27.846],[128.879,27.828]]],[[[128.972,28.802],[129.004,28.799],[128.977,28.802],[128.972,28.802]]],[[[128.99793,28.83521],[128.99877,28.82958],[129.00414,28.82859],[129.00271,28.83658],[128.99793,28.83521]]],[[[129.135,28.255],[129.251,28.204],[129.277,28.231],[129.263,28.183],[129.283,28.197],[129.296,28.148],[129.379,28.109],[129.338,28.17],[129.402,28.154],[129.403,28.192],[129.477,28.211],[129.408,28.25],[129.545,28.312],[129.612,28.399],[129.709,28.421],[129.719,28.474],[129.677,28.527],[129.648,28.504],[129.674,28.462],[129.667,28.439],[129.648,28.468],[129.652,28.422],[129.622,28.417],[129.621,28.45],[129.59,28.414],[129.622,28.475],[129.546,28.462],[129.497,28.382],[129.464,28.413],[129.446,28.38],[129.395,28.386],[129.401,28.356],[129.345,28.37],[129.212,28.307],[129.293,28.285],[129.274,28.261],[129.142,28.257],[129.135,28.255]]],[[[129.144,28.022],[129.173,28.069],[129.144,28.028],[129.144,28.022]]],[[[129.14677,28.129],[129.15044,28.12743],[129.15076,28.13225],[129.14677,28.129]]],[[[129.159,28.121],[129.164,28.115],[129.167,28.117],[129.171,28.115],[129.174,28.109],[129.177,28.111],[129.176,28.115],[129.171,28.12],[129.165,28.123],[129.159,28.121]]],[[[129.16446,28.19335],[129.17009,28.19172],[129.17283,28.19658],[129.16992,28.19858],[129.16446,28.19335]]],[[[129.176,28.183],[129.22,28.139],[129.215,28.077],[129.253,28.111],[129.275,28.066],[129.315,28.096],[129.319,28.062],[129.325,28.071],[129.333,28.075],[129.34,28.076],[129.341,28.118],[129.245,28.122],[129.27,28.168],[129.24,28.151],[129.204,28.179],[129.24,28.193],[129.177,28.188],[129.176,28.183]]],[[[129.179,28.297],[129.222,28.284],[129.184,28.306],[129.179,28.297]]],[[[129.18476,28.04475],[129.18765,28.04402],[129.18961,28.04788],[129.18476,28.04475]]],[[[129.187,29.153],[129.222,29.128],[129.195,29.159],[129.187,29.153]]],[[[129.205,28.036],[129.269,28.017],[129.206,28.042],[129.205,28.036]]],[[[129.25236,28.00142],[129.25665,28.00048],[129.25568,28.00369],[129.25236,28.00142]]],[[[129.27137,28.02413],[129.2717,28.02046],[129.27955,28.02006],[129.27409,28.02698],[129.27137,28.02413]]],[[[129.31908,29.22469],[129.31945,29.22237],[129.32694,29.21803],[129.33157,29.22449],[129.33086,29.22784],[129.32703,29.22889],[129.31908,29.22469]]],[[[129.34371,29.22498],[129.34868,29.22709],[129.34855,29.23025],[129.345,29.23084],[129.34371,29.22498]]],[[[129.42746,30.84155],[129.43605,30.84741],[129.43426,30.84915],[129.42911,30.84619],[129.42746,30.84155]]],[[[129.435,31.176],[129.441,31.18],[129.447,31.178],[129.452,31.183],[129.447,31.186],[129.448,31.19],[129.451,31.192],[129.454,31.198],[129.453,31.199],[129.447,31.2],[129.446,31.199],[129.444,31.188],[129.442,31.185],[129.437,31.186],[129.439,31.183],[129.435,31.176]]],[[[129.46117,30.86023],[129.46774,30.85925],[129.46594,30.86307],[129.46117,30.86023]]],[[[129.46875,31.20484],[129.47648,31.19597],[129.47699,31.20055],[129.47519,31.20851],[129.47244,31.21157],[129.47343,31.20735],[129.46875,31.20484]]],[[[129.526,29.685],[129.534,29.68],[129.536,29.676],[129.54,29.686],[129.538,29.691],[129.539,29.694],[129.535,29.697],[129.53,29.695],[129.526,29.691],[129.526,29.685]]],[[[129.53,29.911],[129.553,29.894],[129.533,29.915],[129.53,29.911]]],[[[129.585,29.461],[129.62,29.449],[129.587,29.467],[129.585,29.461]]],[[[129.61799,29.88137],[129.61888,29.87628],[129.62291,29.8782],[129.6242,29.88298],[129.62169,29.88421],[129.61799,29.88137]]],[[[129.659,31.66],[129.712,31.622],[129.802,31.785],[129.667,31.663],[129.659,31.66]]],[[[129.684,29.642],[129.706,29.602],[129.743,29.669],[129.689,29.648],[129.684,29.642]]],[[[129.814,31.798],[129.83,31.775],[129.843,31.815],[129.819,31.802],[129.814,31.798]]],[[[129.817,31.861],[129.831,31.838],[129.863,31.859],[129.841,31.85],[129.871,31.802],[129.925,31.82],[129.94,31.869],[129.904,31.868],[129.911,31.843],[129.852,31.883],[129.823,31.864],[129.817,31.861]]],[[[129.834,29.86],[129.868,29.818],[129.918,29.824],[129.892,29.87],[129.836,29.867],[129.834,29.86]]],[[[129.83509,31.82549],[129.83852,31.82187],[129.84396,31.82378],[129.84446,31.82994],[129.84128,31.82694],[129.83509,31.82549]]],[[[129.899,29.977],[129.944,29.952],[129.917,30.007],[129.905,29.981],[129.899,29.977]]],[[[129.904,30.832],[129.965,30.83],[129.905,30.839],[129.904,30.832]]],[[[129.913,28.312],[129.973,28.284],[130.034,28.368],[129.917,28.317],[129.913,28.312]]],[[[129.94755,31.85096],[129.95209,31.85039],[129.95166,31.85296],[129.94755,31.85096]]],[[[130.092,32.182],[130.157,32.09],[130.21,32.155],[130.174,32.229],[130.097,32.185],[130.092,32.182]]],[[[131.16,31.462],[131.201,31.518],[131.188,31.625],[131.079,31.66],[131.054,31.633],[130.991,31.777],[130.877,31.816],[130.914,31.886],[130.8,31.95],[130.777,32.016],[130.703,32.059],[130.721,32.101],[130.61,32.187],[130.454,32.113],[130.361,32.169],[130.309,32.108],[130.227,32.129],[130.176,32.106],[130.208,32.058],[130.177,31.99],[130.224,31.911],[130.166,31.795],[130.316,31.659],[130.334,31.599],[130.272,31.427],[130.225,31.399],[130.16,31.44],[130.107,31.413],[130.209,31.348],[130.173,31.324],[130.226,31.306],[130.199,31.292],[130.229,31.281],[130.217,31.25],[130.466,31.249],[130.53,31.163],[130.64,31.19],[130.667,31.267],[130.565,31.323],[130.514,31.491],[130.62,31.706],[130.685,31.735],[130.793,31.703],[130.823,31.66],[130.752,31.558],[130.707,31.557],[130.717,31.602],[130.679,31.629],[130.591,31.589],[130.638,31.545],[130.698,31.556],[130.699,31.462],[130.803,31.337],[130.744,31.132],[130.653,31.071],[130.678,31.062],[130.658,30.996],[130.963,31.138],[131.017,31.228],[131.13,31.277],[131.076,31.28],[131.109,31.33],[131.016,31.38],[131.078,31.458],[131.156,31.463],[131.16,31.462]]],[[[130.144,30.486],[130.21,30.422],[130.264,30.434],[130.147,30.49],[130.144,30.486]]],[[[130.159,32.239],[130.19,32.268],[130.159,32.245],[130.159,32.239]]],[[[130.15976,31.3556],[130.16204,31.35022],[130.16648,31.35332],[130.16627,31.3602],[130.16932,31.36417],[130.16339,31.36024],[130.15976,31.3556]]],[[[130.16467,32.02895],[130.16519,32.02164],[130.16876,32.02148],[130.17223,32.02443],[130.16744,32.02555],[130.16467,32.02895]]],[[[130.17849,32.22675],[130.18189,32.22514],[130.18243,32.22834],[130.17849,32.22675]]],[[[130.18173,32.23967],[130.18579,32.24427],[130.18257,32.2431],[130.18173,32.23967]]],[[[130.187,32.221],[130.21,32.21],[130.195,32.244],[130.192,32.222],[130.187,32.221]]],[[[130.209,32.255],[130.267,32.296],[130.214,32.263],[130.209,32.255]]],[[[130.223,32.25474],[130.22313,32.25118],[130.23,32.24708],[130.22972,32.25054],[130.223,32.25474]]],[[[130.262,30.783],[130.322,30.792],[130.267,30.788],[130.262,30.783]]],[[[130.26221,32.14947],[130.26827,32.1484],[130.26518,32.15061],[130.26221,32.14947]]],[[[130.377,30.375],[130.437,30.24],[130.522,30.226],[130.654,30.299],[130.672,30.372],[130.498,30.469],[130.377,30.382],[130.377,30.375]]],[[[130.397,30.807],[130.446,30.81],[130.398,30.811],[130.397,30.807]]],[[[130.55024,31.53641],[130.55623,31.53417],[130.55767,31.53725],[130.55136,31.53879],[130.55024,31.53641]]],[[[130.56374,31.59436],[130.56755,31.59435],[130.56743,31.59759],[130.56374,31.59436]]],[[[130.67267,31.27812],[130.6739,31.27314],[130.67736,31.27257],[130.68182,31.27755],[130.67746,31.28052],[130.67267,31.27812]]],[[[130.71894,31.70573],[130.72354,31.71031],[130.72135,31.71199],[130.71951,31.71147],[130.71894,31.70573]]],[[[130.72126,31.61848],[130.72162,31.61541],[130.72496,31.6192],[130.72126,31.61848]]],[[[130.837,30.728],[130.864,30.731],[130.858,30.766],[130.839,30.737],[130.837,30.728]]],[[[130.849,30.465],[130.87,30.347],[130.966,30.375],[130.964,30.483],[131.035,30.566],[131.079,30.696],[131.057,30.84],[130.942,30.673],[130.938,30.557],[130.851,30.468],[130.849,30.465]]],[[[131.02,31.364],[131.025,31.363],[131.036,31.364],[131.035,31.368],[131.035,31.375],[131.032,31.378],[131.022,31.377],[131.02,31.364]]],[[[131.11411,31.42999],[131.11647,31.4262],[131.11824,31.43152],[131.11623,31.43403],[131.11411,31.42999]]]]}},{"type":"Feature","properties":{"name":"沖縄県"},"geometry":{"type":"MultiPolygon","coordinates":[[[[122.934,24.449],[123.043,24.46],[122.935,24.451],[122.934,24.449]]],[[[123.458,25.74],[123.493,25.744],[123.461,25.744],[123.458,25.74]]],[[[123.53931,25.73133],[123.54226,25.72542],[123.54565,25.72867],[123.54145,25.7345],[123.53931,25.73133]]],[[[123.54537,25.72273],[123.55246,25.72047],[123.55465,25.72321],[123.55037,25.72558],[123.54537,25.72273]]],[[[123.55526,24.19245],[123.56112,24.19241],[123.56902,24.19533],[123.56438,24.19639],[123.55526,24.19245]]],[[[123.662,24.308],[123.881,24.256],[123.941,24.36],[123.873,24.404],[123.816,24.39],[123.77,24.437],[123.752,24.313],[123.706,24.348],[123.71,24.315],[123.671,24.314],[123.662,24.308]]],[[[123.67604,25.92326],[123.68145,25.91904],[123.68846,25.92215],[123.68259,25.92878],[123.67902,25.9277],[123.67604,25.92326]]],[[[123.71159,24.37051],[123.71856,24.36516],[123.7222,24.37563],[123.72872,24.37751],[123.7251,24.38012],[123.71285,24.37697],[123.71159,24.37051]]],[[[123.724,24.359],[123.73,24.353],[123.741,24.346],[123.744,24.348],[123.725,24.365],[123.724,24.359]]],[[[123.753,24.053],[123.81,24.059],[123.754,24.063],[123.753,24.053]]],[[[123.81373,24.47471],[123.81709,24.46892],[123.82445,24.46799],[123.82638,24.47172],[123.82333,24.47591],[123.81736,24.47715],[123.81373,24.47471]]],[[[123.921,24.217],[123.923,24.213],[123.93,24.209],[123.936,24.212],[123.937,24.217],[123.934,24.221],[123.926,24.221],[123.921,24.217]]],[[[123.93608,24.22578],[123.94184,24.22608],[123.95446,24.23752],[123.95062,24.24282],[123.94853,24.24248],[123.93947,24.23505],[123.93608,24.22578]]],[[[123.952,24.333],[124.004,24.327],[123.954,24.337],[123.952,24.333]]],[[[123.991,24.247],[124.027,24.23],[123.993,24.25],[123.991,24.247]]],[[[123.99569,24.36425],[124.00099,24.36023],[124.0044,24.36191],[123.99947,24.36685],[123.99569,24.36425]]],[[[124.069,24.431],[124.141,24.415],[124.111,24.365],[124.145,24.337],[124.236,24.345],[124.252,24.467],[124.339,24.605],[124.312,24.61],[124.279,24.507],[124.229,24.5],[124.223,24.455],[124.139,24.443],[124.116,24.482],[124.12,24.448],[124.072,24.434],[124.069,24.431]]],[[[124.076,24.325],[124.102,24.321],[124.079,24.328],[124.076,24.325]]],[[[124.14067,24.33233],[124.1416,24.32743],[124.15444,24.32848],[124.16041,24.331],[124.15655,24.33309],[124.15329,24.33452],[124.14067,24.33233]],[[124.14741,24.32848],[124.15056,24.33105],[124.1544,24.3286],[124.14741,24.32848]]],[[[124.14615,24.45768],[124.14897,24.45419],[124.14808,24.45095],[124.15269,24.45543],[124.14844,24.46213],[124.14615,24.45768]]],[[[124.671,24.656],[124.728,24.66],[124.673,24.665],[124.671,24.656]]],[[[124.683,24.759],[124.706,24.747],[124.689,24.761],[124.683,24.759]]],[[[125.135,24.835],[125.162,24.802],[125.163,24.826],[125.222,24.814],[125.179,24.862],[125.14,24.837],[125.135,24.835]]],[[[125.231,24.935],[125.234,24.928],[125.241,24.925],[125.244,24.921],[125.248,24.92],[125.249,24.924],[125.256,24.925],[125.252,24.932],[125.244,24.938],[125.239,24.939],[125.231,24.935]]],[[[125.239,24.719],[125.246,24.714],[125.25,24.713],[125.257,24.716],[125.258,24.721],[125.252,24.727],[125.243,24.732],[125.241,24.731],[125.239,24.719]]],[[[125.253,24.757],[125.309,24.712],[125.469,24.719],[125.336,24.798],[125.271,24.909],[125.297,24.837],[125.256,24.795],[125.285,24.753],[125.256,24.759],[125.253,24.757]],[[125.29386,24.73081],[125.29698,24.7338],[125.29858,24.72849],[125.29721747411133,24.723748409907436],[125.29386,24.73081]]],[[[125.25653,24.80352],[125.25741,24.79576],[125.25956,24.79617],[125.26146,24.80132],[125.26597,24.8041],[125.26168,24.80259],[125.25653,24.80352]]],[[[125.30496,24.91581],[125.30673,24.91337],[125.31081,24.91522],[125.30683,24.9198],[125.30496,24.91581]]],[[[126.709,26.354],[126.814,26.294],[126.826,26.346],[126.78,26.391],[126.712,26.362],[126.709,26.354]]],[[[126.82026,26.33675],[126.82517,26.33537],[126.83508,26.336],[126.82845,26.34278],[126.82026,26.33675]]],[[[126.83679,26.3367],[126.84291,26.33737],[126.8426,26.34138],[126.83894,26.34365],[126.83679,26.3367]]],[[[126.88663,26.34642],[126.88739,26.3441],[126.89156,26.34929],[126.89796,26.35034],[126.89175,26.35087],[126.88663,26.34642]]],[[[127.10017,26.38745],[127.1007,26.38186],[127.10423,26.38331],[127.10383,26.38776],[127.10017,26.38745]]],[[[127.137,26.366],[127.16,26.359],[127.141,26.374],[127.137,26.366]]],[[[127.208,26.576],[127.248,26.587],[127.21,26.582],[127.208,26.576]]],[[[127.232,26.168],[127.234,26.165],[127.242,26.162],[127.241,26.165],[127.242,26.173],[127.244,26.175],[127.237,26.183],[127.237,26.18],[127.233,26.176],[127.234,26.17],[127.232,26.168]]],[[[127.23923,26.21994],[127.23992,26.21089],[127.24292,26.20812],[127.24975,26.21583],[127.24943,26.22305],[127.23923,26.21994]]],[[[127.266,26.2],[127.293,26.194],[127.281,26.212],[127.271,26.208],[127.269,26.202],[127.266,26.2]]],[[[127.281,26.232],[127.333,26.229],[127.29,26.233],[127.281,26.232]]],[[[127.28228,26.18243],[127.28632,26.17605],[127.29508,26.17795],[127.29276,26.18607],[127.28904,26.18762],[127.28496,26.18758],[127.28228,26.18243]]],[[[127.28454,26.22029],[127.28709,26.21635],[127.28839,26.21906],[127.28454,26.22029]]],[[[127.28781,26.16638],[127.29228,26.16067],[127.29712,26.16865],[127.2931,26.17506],[127.28951,26.17112],[127.28781,26.16638]]],[[[127.308,26.211],[127.31,26.205],[127.31,26.2],[127.313,26.198],[127.317,26.203],[127.311,26.209],[127.309,26.216],[127.308,26.211]]],[[[127.33644,26.16081],[127.3372,26.1589],[127.34057,26.16429],[127.33644,26.16081]]],[[[127.339,26.183],[127.349,26.146],[127.367,26.222],[127.341,26.185],[127.339,26.183]]],[[[127.34021,26.14024],[127.34208,26.13842],[127.346,26.14496],[127.34491,26.1465],[127.34021,26.14024]]],[[[127.36614,26.23184],[127.36825,26.22823],[127.36719,26.22395],[127.37303,26.23022],[127.36889,26.23685],[127.36614,26.23184]]],[[[127.3759,26.1999],[127.37797,26.19677],[127.38028,26.19908],[127.3759,26.1999]]],[[[127.40112,26.25579],[127.40369,26.2491],[127.40732,26.24904],[127.40315,26.2566],[127.40112,26.25579]]],[[[127.439,26.202],[127.44,26.2],[127.447,26.202],[127.449,26.211],[127.456,26.219],[127.453,26.225],[127.448,26.22],[127.445,26.213],[127.439,26.202]]],[[[127.44903,26.23196],[127.45196,26.227],[127.45141,26.23432],[127.44903,26.23196]]],[[[127.45537,26.23768],[127.45931,26.23875],[127.45749,26.24233],[127.45537,26.23768]]],[[[127.54121,26.26633],[127.55383,26.2639],[127.55421,26.26559],[127.54663,26.267],[127.54121,26.26633]]],[[[127.57478,26.26154],[127.57814,26.25914],[127.5784,26.26494],[127.57478,26.26154]]],[[[127.63,26.206],[127.677,26.074],[127.831,26.167],[127.766,26.205],[127.811,26.298],[127.863,26.344],[127.924,26.302],[127.831,26.432],[127.871,26.458],[127.95,26.438],[127.998,26.51],[128.053,26.52],[128.034,26.552],[128.139,26.554],[128.148,26.629],[128.243,26.637],[128.327,26.749],[128.304,26.846],[128.247,26.868],[128.231,26.797],[128.099,26.681],[128.125,26.662],[128.049,26.634],[127.983,26.649],[127.999,26.691],[127.88,26.71],[127.895,26.607],[127.98,26.566],[127.844,26.504],[127.799,26.438],[127.713,26.442],[127.757,26.295],[127.635,26.204],[127.63,26.206]]],[[[127.749,26.723],[127.831,26.717],[127.754,26.735],[127.749,26.723]]],[[[127.76925,26.12861],[127.77365,26.12675],[127.77537,26.13201],[127.77101,26.13152],[127.76925,26.12861]]],[[[127.81032,26.64823],[127.81305,26.64521],[127.82117,26.64475],[127.82058,26.6473],[127.81523,26.6512],[127.81032,26.64823]]],[[[127.837,26.329],[127.87,26.33],[127.843,26.334],[127.837,26.329]]],[[[127.855,26.648],[127.856,26.644],[127.856,26.644],[127.859,26.639],[127.858,26.632],[127.862,26.63],[127.864,26.634],[127.871,26.641],[127.874,26.649],[127.871,26.652],[127.867,26.654],[127.858,26.651],[127.855,26.648]]],[[[127.87789,26.71156],[127.87841,26.7112],[127.87792,26.71156],[127.87789,26.71156]]],[[[127.883,26.156],[127.909,26.172],[127.889,26.162],[127.883,26.156]]],[[[127.912,26.937],[127.954,26.914],[127.956,26.946],[127.92,26.948],[127.912,26.937]]],[[[127.913,26.995],[127.916,26.991],[127.921,26.989],[127.925,26.993],[127.927,26.997],[127.93,26.998],[127.924,27.001],[127.913,26.995]]],[[[127.91758,26.33189],[127.92996,26.33103],[127.93408,26.33205],[127.91758,26.33189]]],[[[127.918,26.322],[127.919,26.318],[127.923,26.317],[127.93,26.314],[127.928,26.317],[127.928,26.318],[127.924,26.323],[127.918,26.322]]],[[[127.92,26.902],[127.921,26.894],[127.931,26.892],[127.934,26.895],[127.928,26.895],[127.928,26.901],[127.922,26.902],[127.92,26.902]]],[[[127.932,27.014],[128.021,27.095],[127.933,27.022],[127.932,27.014]]],[[[127.933,26.247],[127.938,26.243],[127.943,26.243],[127.942,26.245],[127.947,26.248],[127.946,26.254],[127.948,26.258],[127.945,26.262],[127.938,26.262],[127.938,26.253],[127.933,26.247]]],[[[127.94,26.336],[127.975,26.354],[127.947,26.342],[127.94,26.336]]],[[[127.94457,26.97664],[127.94853,26.9734],[127.95951,26.97484],[127.94779,26.97798],[127.94457,26.97664]]],[[[127.95,26.327],[127.952,26.315],[127.955,26.311],[127.96,26.309],[127.96,26.316],[127.966,26.319],[127.966,26.324],[127.953,26.329],[127.95,26.327]]],[[[127.969,26.368],[127.994,26.362],[127.973,26.372],[127.969,26.368]]],[[[127.98836,26.30183],[127.98988,26.29873],[127.99613,26.3004],[127.99282,26.30408],[127.98836,26.30183]]],[[[127.989,26.392],[127.99,26.391],[127.99,26.391],[127.991,26.386],[127.991,26.386],[127.991,26.386],[127.993,26.383],[127.998,26.382],[128.004,26.399],[128.003,26.399],[127.998,26.4],[127.995,26.397],[127.989,26.392]]],[[[127.994,26.66],[128.033,26.648],[128.02,26.681],[127.996,26.669],[127.994,26.66]]],[[[128.008,26.709],[128.011,26.7],[128.02,26.694],[128.024,26.696],[128.027,26.7],[128.028,26.711],[128.017,26.714],[128.013,26.714],[128.008,26.709]]],[[[128.0303,26.63544],[128.0337,26.63653],[128.03538,26.64098],[128.03261,26.64258],[128.0303,26.63544]]],[[[128.09734,26.66715],[128.10376,26.66452],[128.10144,26.66998],[128.09734,26.66715]]],[[[128.218,27.878],[128.221,27.873],[128.223,27.867],[128.234,27.86],[128.22,27.883],[128.218,27.878]]],[[[131.181,24.471],[131.185,24.463],[131.188,24.461],[131.192,24.463],[131.195,24.469],[131.192,24.471],[131.182,24.472],[131.181,24.471]]],[[[131.213,25.823],[131.257,25.817],[131.272,25.857],[131.226,25.87],[131.217,25.831],[131.213,25.823]]],[[[131.284,25.957],[131.305,25.928],[131.332,25.951],[131.286,25.961],[131.284,25.957]]]]}}]}